--
-- PostgreSQL database dump
--

SET statement_timeout = 0;
SET client_encoding = 'UTF8';
SET standard_conforming_strings = off;
SET check_function_bodies = false;
SET client_min_messages = warning;
SET escape_string_warning = off;

SET search_path = public, pg_catalog;

SET default_tablespace = '';

SET default_with_oids = false;

--
-- Name: auth_group; Type: TABLE; Schema: public; Owner: sails; Tablespace: 
--

CREATE TABLE auth_group (
    id integer NOT NULL,
    name character varying(80) NOT NULL
);


ALTER TABLE public.auth_group OWNER TO sails;

--
-- Name: auth_group_id_seq; Type: SEQUENCE; Schema: public; Owner: sails
--

CREATE SEQUENCE auth_group_id_seq
    START WITH 1
    INCREMENT BY 1
    NO MAXVALUE
    NO MINVALUE
    CACHE 1;


ALTER TABLE public.auth_group_id_seq OWNER TO sails;

--
-- Name: auth_group_id_seq; Type: SEQUENCE OWNED BY; Schema: public; Owner: sails
--

ALTER SEQUENCE auth_group_id_seq OWNED BY auth_group.id;


--
-- Name: auth_group_id_seq; Type: SEQUENCE SET; Schema: public; Owner: sails
--

SELECT pg_catalog.setval('auth_group_id_seq', 2, true);


--
-- Name: auth_group_permissions; Type: TABLE; Schema: public; Owner: sails; Tablespace: 
--

CREATE TABLE auth_group_permissions (
    id integer NOT NULL,
    group_id integer NOT NULL,
    permission_id integer NOT NULL
);


ALTER TABLE public.auth_group_permissions OWNER TO sails;

--
-- Name: auth_group_permissions_id_seq; Type: SEQUENCE; Schema: public; Owner: sails
--

CREATE SEQUENCE auth_group_permissions_id_seq
    START WITH 1
    INCREMENT BY 1
    NO MAXVALUE
    NO MINVALUE
    CACHE 1;


ALTER TABLE public.auth_group_permissions_id_seq OWNER TO sails;

--
-- Name: auth_group_permissions_id_seq; Type: SEQUENCE OWNED BY; Schema: public; Owner: sails
--

ALTER SEQUENCE auth_group_permissions_id_seq OWNED BY auth_group_permissions.id;


--
-- Name: auth_group_permissions_id_seq; Type: SEQUENCE SET; Schema: public; Owner: sails
--

SELECT pg_catalog.setval('auth_group_permissions_id_seq', 1, false);


--
-- Name: auth_message; Type: TABLE; Schema: public; Owner: sails; Tablespace: 
--

CREATE TABLE auth_message (
    id integer NOT NULL,
    user_id integer NOT NULL,
    message text NOT NULL
);


ALTER TABLE public.auth_message OWNER TO sails;

--
-- Name: auth_message_id_seq; Type: SEQUENCE; Schema: public; Owner: sails
--

CREATE SEQUENCE auth_message_id_seq
    START WITH 1
    INCREMENT BY 1
    NO MAXVALUE
    NO MINVALUE
    CACHE 1;


ALTER TABLE public.auth_message_id_seq OWNER TO sails;

--
-- Name: auth_message_id_seq; Type: SEQUENCE OWNED BY; Schema: public; Owner: sails
--

ALTER SEQUENCE auth_message_id_seq OWNED BY auth_message.id;


--
-- Name: auth_message_id_seq; Type: SEQUENCE SET; Schema: public; Owner: sails
--

SELECT pg_catalog.setval('auth_message_id_seq', 1, false);


--
-- Name: auth_permission; Type: TABLE; Schema: public; Owner: sails; Tablespace: 
--

CREATE TABLE auth_permission (
    id integer NOT NULL,
    name character varying(50) NOT NULL,
    content_type_id integer NOT NULL,
    codename character varying(100) NOT NULL
);


ALTER TABLE public.auth_permission OWNER TO sails;

--
-- Name: auth_permission_id_seq; Type: SEQUENCE; Schema: public; Owner: sails
--

CREATE SEQUENCE auth_permission_id_seq
    START WITH 1
    INCREMENT BY 1
    NO MAXVALUE
    NO MINVALUE
    CACHE 1;


ALTER TABLE public.auth_permission_id_seq OWNER TO sails;

--
-- Name: auth_permission_id_seq; Type: SEQUENCE OWNED BY; Schema: public; Owner: sails
--

ALTER SEQUENCE auth_permission_id_seq OWNED BY auth_permission.id;


--
-- Name: auth_permission_id_seq; Type: SEQUENCE SET; Schema: public; Owner: sails
--

SELECT pg_catalog.setval('auth_permission_id_seq', 54, true);


--
-- Name: auth_user; Type: TABLE; Schema: public; Owner: sails; Tablespace: 
--

CREATE TABLE auth_user (
    id integer NOT NULL,
    username character varying(30) NOT NULL,
    first_name character varying(30) NOT NULL,
    last_name character varying(30) NOT NULL,
    email character varying(75) NOT NULL,
    password character varying(128) NOT NULL,
    is_staff boolean NOT NULL,
    is_active boolean NOT NULL,
    is_superuser boolean NOT NULL,
    last_login timestamp with time zone NOT NULL,
    date_joined timestamp with time zone NOT NULL
);


ALTER TABLE public.auth_user OWNER TO sails;

--
-- Name: auth_user_groups; Type: TABLE; Schema: public; Owner: sails; Tablespace: 
--

CREATE TABLE auth_user_groups (
    id integer NOT NULL,
    user_id integer NOT NULL,
    group_id integer NOT NULL
);


ALTER TABLE public.auth_user_groups OWNER TO sails;

--
-- Name: auth_user_groups_id_seq; Type: SEQUENCE; Schema: public; Owner: sails
--

CREATE SEQUENCE auth_user_groups_id_seq
    START WITH 1
    INCREMENT BY 1
    NO MAXVALUE
    NO MINVALUE
    CACHE 1;


ALTER TABLE public.auth_user_groups_id_seq OWNER TO sails;

--
-- Name: auth_user_groups_id_seq; Type: SEQUENCE OWNED BY; Schema: public; Owner: sails
--

ALTER SEQUENCE auth_user_groups_id_seq OWNED BY auth_user_groups.id;


--
-- Name: auth_user_groups_id_seq; Type: SEQUENCE SET; Schema: public; Owner: sails
--

SELECT pg_catalog.setval('auth_user_groups_id_seq', 47, true);


--
-- Name: auth_user_id_seq; Type: SEQUENCE; Schema: public; Owner: sails
--

CREATE SEQUENCE auth_user_id_seq
    START WITH 1
    INCREMENT BY 1
    NO MAXVALUE
    NO MINVALUE
    CACHE 1;


ALTER TABLE public.auth_user_id_seq OWNER TO sails;

--
-- Name: auth_user_id_seq; Type: SEQUENCE OWNED BY; Schema: public; Owner: sails
--

ALTER SEQUENCE auth_user_id_seq OWNED BY auth_user.id;


--
-- Name: auth_user_id_seq; Type: SEQUENCE SET; Schema: public; Owner: sails
--

SELECT pg_catalog.setval('auth_user_id_seq', 24, true);


--
-- Name: auth_user_user_permissions; Type: TABLE; Schema: public; Owner: sails; Tablespace: 
--

CREATE TABLE auth_user_user_permissions (
    id integer NOT NULL,
    user_id integer NOT NULL,
    permission_id integer NOT NULL
);


ALTER TABLE public.auth_user_user_permissions OWNER TO sails;

--
-- Name: auth_user_user_permissions_id_seq; Type: SEQUENCE; Schema: public; Owner: sails
--

CREATE SEQUENCE auth_user_user_permissions_id_seq
    START WITH 1
    INCREMENT BY 1
    NO MAXVALUE
    NO MINVALUE
    CACHE 1;


ALTER TABLE public.auth_user_user_permissions_id_seq OWNER TO sails;

--
-- Name: auth_user_user_permissions_id_seq; Type: SEQUENCE OWNED BY; Schema: public; Owner: sails
--

ALTER SEQUENCE auth_user_user_permissions_id_seq OWNED BY auth_user_user_permissions.id;


--
-- Name: auth_user_user_permissions_id_seq; Type: SEQUENCE SET; Schema: public; Owner: sails
--

SELECT pg_catalog.setval('auth_user_user_permissions_id_seq', 1, false);


--
-- Name: django_admin_log; Type: TABLE; Schema: public; Owner: sails; Tablespace: 
--

CREATE TABLE django_admin_log (
    id integer NOT NULL,
    action_time timestamp with time zone NOT NULL,
    user_id integer NOT NULL,
    content_type_id integer,
    object_id text,
    object_repr character varying(200) NOT NULL,
    action_flag smallint NOT NULL,
    change_message text NOT NULL,
    CONSTRAINT django_admin_log_action_flag_check CHECK ((action_flag >= 0))
);


ALTER TABLE public.django_admin_log OWNER TO sails;

--
-- Name: django_admin_log_id_seq; Type: SEQUENCE; Schema: public; Owner: sails
--

CREATE SEQUENCE django_admin_log_id_seq
    START WITH 1
    INCREMENT BY 1
    NO MAXVALUE
    NO MINVALUE
    CACHE 1;


ALTER TABLE public.django_admin_log_id_seq OWNER TO sails;

--
-- Name: django_admin_log_id_seq; Type: SEQUENCE OWNED BY; Schema: public; Owner: sails
--

ALTER SEQUENCE django_admin_log_id_seq OWNED BY django_admin_log.id;


--
-- Name: django_admin_log_id_seq; Type: SEQUENCE SET; Schema: public; Owner: sails
--

SELECT pg_catalog.setval('django_admin_log_id_seq', 176, true);


--
-- Name: django_content_type; Type: TABLE; Schema: public; Owner: sails; Tablespace: 
--

CREATE TABLE django_content_type (
    id integer NOT NULL,
    name character varying(100) NOT NULL,
    app_label character varying(100) NOT NULL,
    model character varying(100) NOT NULL
);


ALTER TABLE public.django_content_type OWNER TO sails;

--
-- Name: django_content_type_id_seq; Type: SEQUENCE; Schema: public; Owner: sails
--

CREATE SEQUENCE django_content_type_id_seq
    START WITH 1
    INCREMENT BY 1
    NO MAXVALUE
    NO MINVALUE
    CACHE 1;


ALTER TABLE public.django_content_type_id_seq OWNER TO sails;

--
-- Name: django_content_type_id_seq; Type: SEQUENCE OWNED BY; Schema: public; Owner: sails
--

ALTER SEQUENCE django_content_type_id_seq OWNED BY django_content_type.id;


--
-- Name: django_content_type_id_seq; Type: SEQUENCE SET; Schema: public; Owner: sails
--

SELECT pg_catalog.setval('django_content_type_id_seq', 18, true);


--
-- Name: django_session; Type: TABLE; Schema: public; Owner: sails; Tablespace: 
--

CREATE TABLE django_session (
    session_key character varying(40) NOT NULL,
    session_data text NOT NULL,
    expire_date timestamp with time zone NOT NULL
);


ALTER TABLE public.django_session OWNER TO sails;

--
-- Name: django_site; Type: TABLE; Schema: public; Owner: sails; Tablespace: 
--

CREATE TABLE django_site (
    id integer NOT NULL,
    domain character varying(100) NOT NULL,
    name character varying(50) NOT NULL
);


ALTER TABLE public.django_site OWNER TO sails;

--
-- Name: django_site_id_seq; Type: SEQUENCE; Schema: public; Owner: sails
--

CREATE SEQUENCE django_site_id_seq
    START WITH 1
    INCREMENT BY 1
    NO MAXVALUE
    NO MINVALUE
    CACHE 1;


ALTER TABLE public.django_site_id_seq OWNER TO sails;

--
-- Name: django_site_id_seq; Type: SEQUENCE OWNED BY; Schema: public; Owner: sails
--

ALTER SEQUENCE django_site_id_seq OWNED BY django_site.id;


--
-- Name: django_site_id_seq; Type: SEQUENCE SET; Schema: public; Owner: sails
--

SELECT pg_catalog.setval('django_site_id_seq', 1, true);


--
-- Name: south_migrationhistory; Type: TABLE; Schema: public; Owner: sails; Tablespace: 
--

CREATE TABLE south_migrationhistory (
    id integer NOT NULL,
    app_name character varying(255) NOT NULL,
    migration character varying(255) NOT NULL,
    applied timestamp with time zone NOT NULL
);


ALTER TABLE public.south_migrationhistory OWNER TO sails;

--
-- Name: south_migrationhistory_id_seq; Type: SEQUENCE; Schema: public; Owner: sails
--

CREATE SEQUENCE south_migrationhistory_id_seq
    START WITH 1
    INCREMENT BY 1
    NO MAXVALUE
    NO MINVALUE
    CACHE 1;


ALTER TABLE public.south_migrationhistory_id_seq OWNER TO sails;

--
-- Name: south_migrationhistory_id_seq; Type: SEQUENCE OWNED BY; Schema: public; Owner: sails
--

ALTER SEQUENCE south_migrationhistory_id_seq OWNED BY south_migrationhistory.id;


--
-- Name: south_migrationhistory_id_seq; Type: SEQUENCE SET; Schema: public; Owner: sails
--

SELECT pg_catalog.setval('south_migrationhistory_id_seq', 10, true);


--
-- Name: website_country; Type: TABLE; Schema: public; Owner: sails; Tablespace: 
--

CREATE TABLE website_country (
    id integer NOT NULL,
    name character varying(255) NOT NULL
);


ALTER TABLE public.website_country OWNER TO sails;

--
-- Name: website_country_id_seq; Type: SEQUENCE; Schema: public; Owner: sails
--

CREATE SEQUENCE website_country_id_seq
    START WITH 1
    INCREMENT BY 1
    NO MAXVALUE
    NO MINVALUE
    CACHE 1;


ALTER TABLE public.website_country_id_seq OWNER TO sails;

--
-- Name: website_country_id_seq; Type: SEQUENCE OWNED BY; Schema: public; Owner: sails
--

ALTER SEQUENCE website_country_id_seq OWNED BY website_country.id;


--
-- Name: website_country_id_seq; Type: SEQUENCE SET; Schema: public; Owner: sails
--

SELECT pg_catalog.setval('website_country_id_seq', 65, true);


--
-- Name: website_currency; Type: TABLE; Schema: public; Owner: sails; Tablespace: 
--

CREATE TABLE website_currency (
    id integer NOT NULL,
    name character varying(255) NOT NULL,
    code character varying(10) NOT NULL
);


ALTER TABLE public.website_currency OWNER TO sails;

--
-- Name: website_currency_id_seq; Type: SEQUENCE; Schema: public; Owner: sails
--

CREATE SEQUENCE website_currency_id_seq
    START WITH 1
    INCREMENT BY 1
    NO MAXVALUE
    NO MINVALUE
    CACHE 1;


ALTER TABLE public.website_currency_id_seq OWNER TO sails;

--
-- Name: website_currency_id_seq; Type: SEQUENCE OWNED BY; Schema: public; Owner: sails
--

ALTER SEQUENCE website_currency_id_seq OWNED BY website_currency.id;


--
-- Name: website_currency_id_seq; Type: SEQUENCE SET; Schema: public; Owner: sails
--

SELECT pg_catalog.setval('website_currency_id_seq', 3, true);


--
-- Name: website_office; Type: TABLE; Schema: public; Owner: sails; Tablespace: 
--

CREATE TABLE website_office (
    id integer NOT NULL,
    name character varying(255) NOT NULL
);


ALTER TABLE public.website_office OWNER TO sails;

--
-- Name: website_office_id_seq; Type: SEQUENCE; Schema: public; Owner: sails
--

CREATE SEQUENCE website_office_id_seq
    START WITH 1
    INCREMENT BY 1
    NO MAXVALUE
    NO MINVALUE
    CACHE 1;


ALTER TABLE public.website_office_id_seq OWNER TO sails;

--
-- Name: website_office_id_seq; Type: SEQUENCE OWNED BY; Schema: public; Owner: sails
--

ALTER SEQUENCE website_office_id_seq OWNED BY website_office.id;


--
-- Name: website_office_id_seq; Type: SEQUENCE SET; Schema: public; Owner: sails
--

SELECT pg_catalog.setval('website_office_id_seq', 6, true);


--
-- Name: website_oper; Type: TABLE; Schema: public; Owner: sails; Tablespace: 
--

CREATE TABLE website_oper (
    id integer NOT NULL,
    name character varying(255) NOT NULL
);


ALTER TABLE public.website_oper OWNER TO sails;

--
-- Name: website_oper_id_seq; Type: SEQUENCE; Schema: public; Owner: sails
--

CREATE SEQUENCE website_oper_id_seq
    START WITH 1
    INCREMENT BY 1
    NO MAXVALUE
    NO MINVALUE
    CACHE 1;


ALTER TABLE public.website_oper_id_seq OWNER TO sails;

--
-- Name: website_oper_id_seq; Type: SEQUENCE OWNED BY; Schema: public; Owner: sails
--

ALTER SEQUENCE website_oper_id_seq OWNED BY website_oper.id;


--
-- Name: website_oper_id_seq; Type: SEQUENCE SET; Schema: public; Owner: sails
--

SELECT pg_catalog.setval('website_oper_id_seq', 108, true);


--
-- Name: website_order; Type: TABLE; Schema: public; Owner: sails; Tablespace: 
--

CREATE TABLE website_order (
    id integer NOT NULL,
    staff_id integer NOT NULL,
    dt_mod timestamp with time zone NOT NULL,
    tourist character varying(255) NOT NULL,
    country_id integer NOT NULL,
    dt_in date NOT NULL,
    oper_id integer NOT NULL,
    order_value numeric(15,4) NOT NULL,
    currency_id integer NOT NULL,
    comment text
);


ALTER TABLE public.website_order OWNER TO sails;

--
-- Name: website_order_id_seq; Type: SEQUENCE; Schema: public; Owner: sails
--

CREATE SEQUENCE website_order_id_seq
    START WITH 1
    INCREMENT BY 1
    NO MAXVALUE
    NO MINVALUE
    CACHE 1;


ALTER TABLE public.website_order_id_seq OWNER TO sails;

--
-- Name: website_order_id_seq; Type: SEQUENCE OWNED BY; Schema: public; Owner: sails
--

ALTER SEQUENCE website_order_id_seq OWNED BY website_order.id;


--
-- Name: website_order_id_seq; Type: SEQUENCE SET; Schema: public; Owner: sails
--

SELECT pg_catalog.setval('website_order_id_seq', 323, true);


--
-- Name: website_payment; Type: TABLE; Schema: public; Owner: sails; Tablespace: 
--

CREATE TABLE website_payment (
    id integer NOT NULL,
    dt_mod timestamp with time zone NOT NULL,
    order_id integer NOT NULL,
    staff_id integer NOT NULL,
    pay numeric(15,4) NOT NULL,
    rate numeric(15,4) NOT NULL,
    checked_by_id integer,
    comment text,
    payment_type_id integer,
    n_pay integer NOT NULL
);


ALTER TABLE public.website_payment OWNER TO sails;

--
-- Name: website_payment_id_seq; Type: SEQUENCE; Schema: public; Owner: sails
--

CREATE SEQUENCE website_payment_id_seq
    START WITH 1
    INCREMENT BY 1
    NO MAXVALUE
    NO MINVALUE
    CACHE 1;


ALTER TABLE public.website_payment_id_seq OWNER TO sails;

--
-- Name: website_payment_id_seq; Type: SEQUENCE OWNED BY; Schema: public; Owner: sails
--

ALTER SEQUENCE website_payment_id_seq OWNED BY website_payment.id;


--
-- Name: website_payment_id_seq; Type: SEQUENCE SET; Schema: public; Owner: sails
--

SELECT pg_catalog.setval('website_payment_id_seq', 547, true);


--
-- Name: website_paymenttype; Type: TABLE; Schema: public; Owner: sails; Tablespace: 
--

CREATE TABLE website_paymenttype (
    id integer NOT NULL,
    name character varying(255) NOT NULL
);


ALTER TABLE public.website_paymenttype OWNER TO sails;

--
-- Name: website_paymenttype_id_seq; Type: SEQUENCE; Schema: public; Owner: sails
--

CREATE SEQUENCE website_paymenttype_id_seq
    START WITH 1
    INCREMENT BY 1
    NO MAXVALUE
    NO MINVALUE
    CACHE 1;


ALTER TABLE public.website_paymenttype_id_seq OWNER TO sails;

--
-- Name: website_paymenttype_id_seq; Type: SEQUENCE OWNED BY; Schema: public; Owner: sails
--

ALTER SEQUENCE website_paymenttype_id_seq OWNED BY website_paymenttype.id;


--
-- Name: website_paymenttype_id_seq; Type: SEQUENCE SET; Schema: public; Owner: sails
--

SELECT pg_catalog.setval('website_paymenttype_id_seq', 3, true);


--
-- Name: website_settings; Type: TABLE; Schema: public; Owner: sails; Tablespace: 
--

CREATE TABLE website_settings (
    id integer NOT NULL,
    project character varying(255) NOT NULL,
    email character varying(255) NOT NULL,
    firm character varying(255) NOT NULL,
    n_pay integer NOT NULL,
    head_booker character varying(255) NOT NULL
);


ALTER TABLE public.website_settings OWNER TO sails;

--
-- Name: website_settings_id_seq; Type: SEQUENCE; Schema: public; Owner: sails
--

CREATE SEQUENCE website_settings_id_seq
    START WITH 1
    INCREMENT BY 1
    NO MAXVALUE
    NO MINVALUE
    CACHE 1;


ALTER TABLE public.website_settings_id_seq OWNER TO sails;

--
-- Name: website_settings_id_seq; Type: SEQUENCE OWNED BY; Schema: public; Owner: sails
--

ALTER SEQUENCE website_settings_id_seq OWNED BY website_settings.id;


--
-- Name: website_settings_id_seq; Type: SEQUENCE SET; Schema: public; Owner: sails
--

SELECT pg_catalog.setval('website_settings_id_seq', 1, true);


--
-- Name: website_staff; Type: TABLE; Schema: public; Owner: sails; Tablespace: 
--

CREATE TABLE website_staff (
    id integer NOT NULL,
    user_id integer NOT NULL,
    office_id integer NOT NULL,
    name character varying(255) NOT NULL
);


ALTER TABLE public.website_staff OWNER TO sails;

--
-- Name: website_staff_id_seq; Type: SEQUENCE; Schema: public; Owner: sails
--

CREATE SEQUENCE website_staff_id_seq
    START WITH 1
    INCREMENT BY 1
    NO MAXVALUE
    NO MINVALUE
    CACHE 1;


ALTER TABLE public.website_staff_id_seq OWNER TO sails;

--
-- Name: website_staff_id_seq; Type: SEQUENCE OWNED BY; Schema: public; Owner: sails
--

ALTER SEQUENCE website_staff_id_seq OWNED BY website_staff.id;


--
-- Name: website_staff_id_seq; Type: SEQUENCE SET; Schema: public; Owner: sails
--

SELECT pg_catalog.setval('website_staff_id_seq', 27, true);


--
-- Name: id; Type: DEFAULT; Schema: public; Owner: sails
--

ALTER TABLE auth_group ALTER COLUMN id SET DEFAULT nextval('auth_group_id_seq'::regclass);


--
-- Name: id; Type: DEFAULT; Schema: public; Owner: sails
--

ALTER TABLE auth_group_permissions ALTER COLUMN id SET DEFAULT nextval('auth_group_permissions_id_seq'::regclass);


--
-- Name: id; Type: DEFAULT; Schema: public; Owner: sails
--

ALTER TABLE auth_message ALTER COLUMN id SET DEFAULT nextval('auth_message_id_seq'::regclass);


--
-- Name: id; Type: DEFAULT; Schema: public; Owner: sails
--

ALTER TABLE auth_permission ALTER COLUMN id SET DEFAULT nextval('auth_permission_id_seq'::regclass);


--
-- Name: id; Type: DEFAULT; Schema: public; Owner: sails
--

ALTER TABLE auth_user ALTER COLUMN id SET DEFAULT nextval('auth_user_id_seq'::regclass);


--
-- Name: id; Type: DEFAULT; Schema: public; Owner: sails
--

ALTER TABLE auth_user_groups ALTER COLUMN id SET DEFAULT nextval('auth_user_groups_id_seq'::regclass);


--
-- Name: id; Type: DEFAULT; Schema: public; Owner: sails
--

ALTER TABLE auth_user_user_permissions ALTER COLUMN id SET DEFAULT nextval('auth_user_user_permissions_id_seq'::regclass);


--
-- Name: id; Type: DEFAULT; Schema: public; Owner: sails
--

ALTER TABLE django_admin_log ALTER COLUMN id SET DEFAULT nextval('django_admin_log_id_seq'::regclass);


--
-- Name: id; Type: DEFAULT; Schema: public; Owner: sails
--

ALTER TABLE django_content_type ALTER COLUMN id SET DEFAULT nextval('django_content_type_id_seq'::regclass);


--
-- Name: id; Type: DEFAULT; Schema: public; Owner: sails
--

ALTER TABLE django_site ALTER COLUMN id SET DEFAULT nextval('django_site_id_seq'::regclass);


--
-- Name: id; Type: DEFAULT; Schema: public; Owner: sails
--

ALTER TABLE south_migrationhistory ALTER COLUMN id SET DEFAULT nextval('south_migrationhistory_id_seq'::regclass);


--
-- Name: id; Type: DEFAULT; Schema: public; Owner: sails
--

ALTER TABLE website_country ALTER COLUMN id SET DEFAULT nextval('website_country_id_seq'::regclass);


--
-- Name: id; Type: DEFAULT; Schema: public; Owner: sails
--

ALTER TABLE website_currency ALTER COLUMN id SET DEFAULT nextval('website_currency_id_seq'::regclass);


--
-- Name: id; Type: DEFAULT; Schema: public; Owner: sails
--

ALTER TABLE website_office ALTER COLUMN id SET DEFAULT nextval('website_office_id_seq'::regclass);


--
-- Name: id; Type: DEFAULT; Schema: public; Owner: sails
--

ALTER TABLE website_oper ALTER COLUMN id SET DEFAULT nextval('website_oper_id_seq'::regclass);


--
-- Name: id; Type: DEFAULT; Schema: public; Owner: sails
--

ALTER TABLE website_order ALTER COLUMN id SET DEFAULT nextval('website_order_id_seq'::regclass);


--
-- Name: id; Type: DEFAULT; Schema: public; Owner: sails
--

ALTER TABLE website_payment ALTER COLUMN id SET DEFAULT nextval('website_payment_id_seq'::regclass);


--
-- Name: id; Type: DEFAULT; Schema: public; Owner: sails
--

ALTER TABLE website_paymenttype ALTER COLUMN id SET DEFAULT nextval('website_paymenttype_id_seq'::regclass);


--
-- Name: id; Type: DEFAULT; Schema: public; Owner: sails
--

ALTER TABLE website_settings ALTER COLUMN id SET DEFAULT nextval('website_settings_id_seq'::regclass);


--
-- Name: id; Type: DEFAULT; Schema: public; Owner: sails
--

ALTER TABLE website_staff ALTER COLUMN id SET DEFAULT nextval('website_staff_id_seq'::regclass);


--
-- Data for Name: auth_group; Type: TABLE DATA; Schema: public; Owner: sails
--

COPY auth_group (id, name) FROM stdin;
1	Менеджеры
2	АДМИНИСТРАЦИЯ
\.


--
-- Data for Name: auth_group_permissions; Type: TABLE DATA; Schema: public; Owner: sails
--

COPY auth_group_permissions (id, group_id, permission_id) FROM stdin;
\.


--
-- Data for Name: auth_message; Type: TABLE DATA; Schema: public; Owner: sails
--

COPY auth_message (id, user_id, message) FROM stdin;
\.


--
-- Data for Name: auth_permission; Type: TABLE DATA; Schema: public; Owner: sails
--

COPY auth_permission (id, name, content_type_id, codename) FROM stdin;
1	Can add permission	1	add_permission
2	Can change permission	1	change_permission
3	Can delete permission	1	delete_permission
4	Can add group	2	add_group
5	Can change group	2	change_group
6	Can delete group	2	delete_group
7	Can add user	3	add_user
8	Can change user	3	change_user
9	Can delete user	3	delete_user
10	Can add message	4	add_message
11	Can change message	4	change_message
12	Can delete message	4	delete_message
13	Can add content type	5	add_contenttype
14	Can change content type	5	change_contenttype
15	Can delete content type	5	delete_contenttype
16	Can add session	6	add_session
17	Can change session	6	change_session
18	Can delete session	6	delete_session
19	Can add log entry	7	add_logentry
20	Can change log entry	7	change_logentry
21	Can delete log entry	7	delete_logentry
22	Can add site	8	add_site
23	Can change site	8	change_site
24	Can delete site	8	delete_site
25	Can add migration history	9	add_migrationhistory
26	Can change migration history	9	change_migrationhistory
27	Can delete migration history	9	delete_migrationhistory
28	Can add настройки	10	add_settings
29	Can change настройки	10	change_settings
30	Can delete настройки	10	delete_settings
31	Can add страна	11	add_country
32	Can change страна	11	change_country
33	Can delete страна	11	delete_country
34	Can add туроператор	12	add_oper
35	Can change туроператор	12	change_oper
36	Can delete туроператор	12	delete_oper
37	Can add валюта	13	add_currency
38	Can change валюта	13	change_currency
39	Can delete валюта	13	delete_currency
40	Can add офис	14	add_office
41	Can change офис	14	change_office
42	Can delete офис	14	delete_office
43	Can add сотрудник	15	add_staff
44	Can change сотрудник	15	change_staff
45	Can delete сотрудник	15	delete_staff
46	Can add заявка	16	add_order
47	Can change заявка	16	change_order
48	Can delete заявка	16	delete_order
49	Can add платеж	17	add_payment
50	Can change платеж	17	change_payment
51	Can delete платеж	17	delete_payment
52	Can add форма платежа	18	add_paymenttype
53	Can change форма платежа	18	change_paymenttype
54	Can delete форма платежа	18	delete_paymenttype
\.


--
-- Data for Name: auth_user; Type: TABLE DATA; Schema: public; Owner: sails
--

COPY auth_user (id, username, first_name, last_name, email, password, is_staff, is_active, is_superuser, last_login, date_joined) FROM stdin;
4	Atnasheva	Ирина	Атнашева	n5@natalie-terra.ru	sha1$e2815$0047d80bcc42c82630f526aa9ebf640c3bf3a78a	f	t	f	2012-04-14 11:08:49.54966+06	2011-08-05 16:24:00+06
20	Gorina	Светлана	Горина	e1@pegast-ekb.ru	sha1$a42a5$7d43405f8508f9496ff8a94bf6b164fd03453f09	f	t	f	2011-11-27 13:49:46+06	2011-11-27 13:49:46+06
9	Novgorodceva	Светлана	Новгородцева	lana@parusatravel.ru	sha1$48ebc$43e2396166034e07a053d586bd8800258b02d287	f	t	f	2012-01-20 16:09:15.778658+06	2011-11-27 13:16:24+06
14	Shendel	Эрика	Шендель	n24@natalie-terra.ru	sha1$58e0e$ae16d8d2479b6d76ae79d1fb98c481905bd4e413	f	t	f	2012-04-14 12:10:01.885235+06	2011-11-27 13:44:09+06
19	Orlova	Ольга	Орлова	eka3@mgp.ru	sha1$2eaec$066e57818424ad61395f5f5353b8069ccdda0844	f	t	f	2011-11-27 13:49:05+06	2011-11-27 13:49:05+06
1	admin			1@mail.ru	sha1$1e921$9a13ecbf41f1962684c6de4cbce99c38fe3f8cfd	t	t	t	2012-04-09 11:53:12.622297+06	2011-07-28 17:30:15+06
12	Baskova	Анастасия	Баскова	n22@natalie-terra.ru	sha1$9bd89$0f2a8d6d9c41851b1203f7a63a1c51a6ef7e936a	f	t	f	2012-04-14 16:18:37.319097+06	2011-11-27 13:41:03+06
5	DIREKTOR	ЕЛЕНА	ЮРОЧКИНА	yurochkina@parusatravel.ru	sha1$6dbf7$72c7ebba92808d0d9597f6ea498cec7ec6b7d86a	f	t	f	2012-04-15 12:51:54.106087+06	2011-08-05 16:24:50+06
7	Ishmulova	Евгения	Ишмулова	n7@natalie-terra.ru	sha1$bf7f1$9c9f9b8356d35473b8be707ba5fe5ac83eab8e7d	f	t	f	2012-04-16 11:04:05.984133+06	2011-10-24 10:33:26+06
22	Serebryakova	Ксения	Серебрякова	e3@pegast-ekb.ru	sha1$93604$cc605513b34ba4055ab85e64445d0e732cc0a6fa	f	t	f	2011-11-27 13:52:51+06	2011-11-27 13:52:51+06
13	Osnovina	Виктория	Основина	n23@natalie-terra.ru	sha1$4ddc3$ff6bff0fccb641c1dcd77b7de1afd9badba2fb4c	f	t	f	2012-02-16 12:10:21.297899+06	2011-11-27 13:42:51+06
21	Sergeva	Ольга	Сергеева	e2@pegast-ekb.ru	sha1$d034e$64a0a1d9b62a3fd06b201e2da16337e1af06dd8f	f	t	f	2011-11-27 13:50:45+06	2011-11-27 13:50:45+06
15	Andreeva	Ирина	Андреева	eka3@mgp.ru	sha1$5bb68$f26c879de65bbd66fd985b3818527c514fa7fcf4	f	t	f	2011-11-27 13:45:10+06	2011-11-27 13:45:10+06
11	Cherkesova	Юлия	Черкесова	n21@natalie-terra.ru	sha1$d3e5a$640813f5e6cf9c5c553e1ebbd1af87a0fcda613e	f	t	f	2012-04-16 12:44:53.512381+06	2011-11-27 13:39:52+06
6	alexey			1@mail.ru	sha1$ce247$465c9e3a0184074bdb33cdda25254810829518e3	t	t	t	2012-04-16 13:48:18.228716+06	2011-08-11 15:11:25.798198+06
3	Melnichuk	Елена	Мельничук	n4@natalie-terra.ru	sha1$a71c1$ae023c63fad8ac13257d93c2111d83ae405ed353	f	t	f	2012-01-26 11:22:57.201633+06	2011-08-05 14:48:47+06
8	Ratfelder	Юлия	Ратфельдер	n10@natalie-terra.ru	sha1$665eb$54c6b081ea245f829dd735262fea1d60e1244bf7	f	t	f	2012-04-12 14:24:07.267579+06	2011-11-27 13:14:36+06
17	Strukova	Виктория	Струкова	eka3@mgp.ru	sha1$db80d$3c506bd18d04e476cc1c7e48e087adf5218bac8b	f	t	f	2011-11-27 13:47:31+06	2011-11-27 13:47:31+06
18	Volkova	Анастасия	Волкова	eka3@mgp.ru	sha1$7239b$6fe8bd8aeffe5cb695723c332090b98426067254	f	t	f	2011-11-27 13:48:15+06	2011-11-27 13:48:15+06
16	Zemlyanskaya	Людмила	Землянская	eka3@mgp.ru	sha1$e450f$4858abd28d3b9b3ede551e29b890ab259ddc6c57	f	t	f	2011-11-27 13:46:42+06	2011-11-27 13:46:42+06
23	NovgorodcevaSveta				sha1$87d9a$491463fb8a8cde65407b383d66dfdb0e40662cac	f	t	f	2012-01-20 16:05:51.123081+06	2012-01-20 16:03:46.527362+06
2	Kurashvili	Ирина	Курашвили	n9@natalie-terra.ru	sha1$4a7dc$ca710358b691e04cfac9251b1d565083a8f5bf5d	f	t	f	2012-04-13 12:17:41.934946+06	2011-08-05 12:50:28+06
10	Ershova	Ольга	Ершова	olgame79@mail.ru	sha1$1df6c$1f005f700979429088bcff4337a67370f2bd3883	f	t	f	2012-04-13 14:00:37.808556+06	2011-11-27 13:17:59+06
\.


--
-- Data for Name: auth_user_groups; Type: TABLE DATA; Schema: public; Owner: sails
--

COPY auth_user_groups (id, user_id, group_id) FROM stdin;
3	1	2
20	15	1
21	16	1
22	17	1
23	18	1
24	19	1
25	20	1
26	21	1
27	22	1
29	9	1
35	12	2
36	11	2
37	5	2
39	7	2
40	2	2
41	3	2
42	4	2
43	13	2
45	14	2
46	8	2
47	10	2
\.


--
-- Data for Name: auth_user_user_permissions; Type: TABLE DATA; Schema: public; Owner: sails
--

COPY auth_user_user_permissions (id, user_id, permission_id) FROM stdin;
\.


--
-- Data for Name: django_admin_log; Type: TABLE DATA; Schema: public; Owner: sails
--

COPY django_admin_log (id, action_time, user_id, content_type_id, object_id, object_repr, action_flag, change_message) FROM stdin;
5	2011-07-27 16:02:22+06	1	15	1	Чукреев Алексей	1	
4	2011-07-27 16:02:15+06	1	14	1	Пушкина, 8	1	
3	2011-07-27 13:28:28+06	1	13	3	EUR	1	
2	2011-07-27 13:28:17+06	1	13	2	USD	1	
1	2011-07-27 13:28:09+06	1	13	1	Рубль	1	
6	2011-08-05 12:40:53.353389+06	1	2	1	Менеджеры	1	
7	2011-08-05 12:41:02.373389+06	1	2	2	Руководство	1	
8	2011-08-05 12:50:28.807572+06	1	3	2	manager1	1	
9	2011-08-05 12:50:53.755369+06	1	15	2	Менеджерова Ольга Сергеевна	1	
10	2011-08-05 12:51:19.971369+06	1	3	2	manager1	2	Изменен groups.
11	2011-08-05 14:29:04.748693+06	1	14	2	Ленина, 25	1	
12	2011-08-05 14:48:47.85308+06	1	3	3	manager2	1	
13	2011-08-05 14:49:18.03308+06	1	15	3	Натальева Наталья Владимировна	1	
14	2011-08-05 14:50:37.892922+06	1	3	3	manager2	2	Изменен is_superuser.
15	2011-08-05 15:04:09.918661+06	1	3	3	manager2	2	Изменен is_staff.
16	2011-08-05 15:08:45.529902+06	3	3	3	manager2	2	Изменен is_staff и is_superuser.
17	2011-08-05 16:23:27.703787+06	1	14	3	Гагарина, 5б	1	
18	2011-08-05 16:24:00.955661+06	1	3	4	manager3	1	
19	2011-08-05 16:24:26.147661+06	1	15	4	Пушкин Петр Михайлович	1	
20	2011-08-05 16:24:50.499534+06	1	3	5	manager4	1	
21	2011-08-05 16:25:47.831407+06	1	15	5	Лермонтов Владимир Николаевич	1	
22	2011-08-05 16:31:04.158761+06	1	3	5	manager4	2	Изменен is_superuser.
23	2011-08-05 16:32:59.658499+06	1	3	3	manager2	2	Изменен is_staff.
24	2011-08-05 16:33:07.406499+06	1	3	5	manager4	2	Изменен is_staff.
25	2011-08-05 16:34:24.410368+06	5	3	5	admin2	2	Изменен username.
26	2011-08-05 18:27:17.421806+06	1	3	3	manager2	2	Изменен is_staff.
27	2011-08-05 18:27:27.641806+06	1	3	5	admin2	2	Изменен is_staff,is_superuser и groups.
28	2011-08-05 18:27:32.873806+06	1	3	1	admin	2	Изменен groups.
29	2011-08-05 18:27:40.381806+06	1	3	3	manager2	2	Изменен groups.
30	2011-08-05 18:27:45.801642+06	1	3	4	manager3	2	Изменен groups.
31	2011-08-11 15:12:14.026035+06	6	15	1	Солдатенко Вадим Сергеевич	2	Изменен name.
32	2011-08-11 15:30:19.343293+06	6	15	6	Служебный аккаунт	1	
33	2011-08-30 12:38:45.059342+06	1	16	13	№13 от 23.08.11 18:53 Долниковская Людмила Петровна Кипр 07.09.11	2	Удален платеж "-1910.00 р. з.13". Удален платеж "1910.00 р. з.13".
34	2011-10-24 10:33:26.868131+06	1	3	7	manager4	1	
35	2011-10-24 10:34:19.568438+06	1	3	7	manager4	2	Изменен groups.
36	2011-10-24 10:34:48.084438+06	1	15	7	Иванова Татьяна	1	
37	2011-10-24 10:35:43.572743+06	1	16	19	№19 от 24.10.11 10:18 Иванова Александра Египет 26.11.11	3	
38	2011-10-24 10:35:43.580743+06	1	16	18	№18 от 24.10.11 09:19 Калачев Михаил  Турция 16.12.11	3	
39	2011-10-24 10:35:43.580743+06	1	16	17	№17 от 11.10.11 15:22 Солдатенко В.С. Черногория 02.01.12	3	
40	2011-10-24 10:35:43.584743+06	1	16	16	№16 от 11.10.11 15:16 Атнашева Ирина Греция 23.12.11	3	
41	2011-10-24 10:35:43.584743+06	1	16	15	№15 от 11.10.11 15:13 Юрочкина Елена Юрьевна Испания 21.10.11	3	
42	2011-10-24 10:35:43.584743+06	1	16	14	№14 от 30.08.11 12:09 Плаксин Индия 31.08.11	3	
43	2011-10-24 10:35:43.588743+06	1	16	13	№13 от 23.08.11 18:53 Долниковская Людмила Петровна Кипр 07.09.11	3	
44	2011-10-24 10:35:43.588743+06	1	16	12	№12 от 23.08.11 10:02 Топорков Турция 31.08.11	3	
45	2011-10-24 10:35:43.592743+06	1	16	11	№11 от 15.08.11 10:44 СЕМЕРИКОВА ИРИНА ИВАНОВНА Испания 09.09.11	3	
46	2011-10-24 10:35:43.592743+06	1	16	10	№10 от 09.08.11 10:53 Гольцев василий Египет 31.08.11	3	
47	2011-10-24 10:35:43.596743+06	1	16	9	№9 от 05.08.11 16:39 Василискас Китикас Владиленов Латвия 20.08.11	3	
48	2011-10-24 10:35:43.596743+06	1	16	8	№8 от 05.08.11 15:26 Зеленый Владимир Владимирович Украина 02.09.11	3	
49	2011-10-24 10:35:43.600743+06	1	16	7	№7 от 05.08.11 14:53 Туристов Иван Сергеевич Египет 26.08.11	3	
50	2011-10-24 10:35:43.604743+06	1	16	6	№6 от 05.08.11 14:44 Иванов Сидор Петрович Словакия 10.08.11	3	
51	2011-10-24 10:35:43.604743+06	1	16	5	№5 от 05.08.11 13:04 Петров Иван Сидорович Россия 16.09.11	3	
52	2011-10-24 10:35:43.604743+06	1	16	4	№4 от 05.08.11 13:02 Ищенко Иван Владимирович Доминикана 18.08.11	3	
53	2011-10-24 10:35:43.608743+06	1	16	3	№3 от 28.07.11 17:33 фывафывафывафыва Турция 15.07.11	3	
54	2011-10-24 10:35:43.608743+06	1	16	2	№2 от 27.07.11 18:19 Чукреев А.В. Египет 31.07.11	3	
55	2011-10-24 10:36:06.324743+06	1	15	7	Иванова Татьяна	3	
56	2011-10-24 10:36:06.332743+06	1	15	5	Лермонтов Владимир Николаевич	3	
57	2011-10-24 10:36:06.332743+06	1	15	2	Менеджерова Ольга Сергеевна	3	
58	2011-10-24 10:36:06.336743+06	1	15	3	Натальева Наталья Владимировна	3	
59	2011-10-24 10:36:06.336743+06	1	15	4	Пушкин Петр Михайлович	3	
60	2011-10-24 10:36:23.885045+06	1	14	3	Гагарина, 5б	3	
61	2011-10-24 10:36:23.889045+06	1	14	2	Ленина, 25	3	
62	2011-11-27 13:00:39.580889+06	1	14	1	Пушкина, 8	2	Ни одно поле не изменено.
63	2011-11-27 13:01:26.800889+06	1	14	4	МГП на ПУШКИНА, Д7	1	
64	2011-11-27 13:01:52.137184+06	1	14	5	МАЛЫШЕВА, 56 НАТАЛИ ТУРС	1	
65	2011-11-27 13:02:16.821184+06	1	14	1	ПУШКИНА, 8 НАТАЛИ ТУРС	2	Изменен name.
66	2011-11-27 13:02:40.58548+06	1	14	6	БЕЛИНСКОГО, 78 ПЕГАС ТУРИСТИК	1	
67	2011-11-27 13:02:59.68948+06	1	14	4	ПУШКИНА, 7 МГП	2	Изменен name.
68	2011-11-27 13:03:47.597776+06	1	2	2	АДМИНИСТРАЦИЯ	2	Изменен name.
69	2011-11-27 13:07:09.354665+06	1	3	2	Kurashvili	2	Изменен username,first_name,last_name и email.
70	2011-11-27 13:08:06.162962+06	1	3	3	Melnichuk	2	Изменен username,first_name,last_name и email.
71	2011-11-27 13:09:00.823258+06	1	3	4	Atnasheva	2	Изменен username,first_name,last_name и email.
72	2011-11-27 13:10:33.443555+06	1	3	7	Ishmulova	2	Изменен username,first_name,last_name и email.
73	2011-11-27 13:14:36.796874+06	1	3	8	Ratfelder	1	
74	2011-11-27 13:15:24.176873+06	1	3	8	Ratfelder	2	Изменен first_name,last_name,email и groups.
75	2011-11-27 13:16:24.917126+06	1	3	9	Novgorodceva	1	
76	2011-11-27 13:17:11.449379+06	1	3	9	Novgorodceva	2	Изменен first_name,last_name,email и groups.
77	2011-11-27 13:17:59.761633+06	1	3	10	Ershova	1	
78	2011-11-27 13:18:41.521887+06	1	3	10	Ershova	2	Изменен first_name,last_name,email и groups.
79	2011-11-27 13:19:23.257887+06	1	3	5	DIREKTOR	2	Изменен username.
80	2011-11-27 13:21:13.642397+06	1	3	5	DIREKTOR	2	Изменен first_name,last_name и email.
81	2011-11-27 13:39:52.383473+06	1	3	11	Cherkesova	1	
82	2011-11-27 13:40:33.895747+06	1	3	11	Cherkesova	2	Изменен first_name,last_name,email и groups.
83	2011-11-27 13:41:03.499747+06	1	3	12	Baskova	1	
84	2011-11-27 13:42:20.612023+06	1	3	12	Baskova	2	Изменен first_name,last_name,email и groups.
85	2011-11-27 13:42:51.904298+06	1	3	13	Dorohova	1	
86	2011-11-27 13:43:41.732573+06	1	3	13	Dorohova	2	Изменен first_name,last_name,email и groups.
87	2011-11-27 13:44:09.776573+06	1	3	14	Shendel	1	
88	2011-11-27 13:44:43.308849+06	1	3	14	Shendel	2	Изменен first_name,last_name,email и groups.
89	2011-11-27 13:45:10.800849+06	1	3	15	Andreeva	1	
90	2011-11-27 13:45:54.017125+06	1	3	15	Andreeva	2	Изменен first_name,last_name,email и groups.
91	2011-11-27 13:46:42.261401+06	1	3	16	Zemlyanskaya	1	
92	2011-11-27 13:47:04.657401+06	1	3	16	Zemlyanskaya	2	Изменен first_name,last_name,email и groups.
93	2011-11-27 13:47:31.365401+06	1	3	17	Strukova	1	
94	2011-11-27 13:47:49.285677+06	1	3	17	Strukova	2	Изменен first_name,last_name,email и groups.
95	2011-11-27 13:48:15.181677+06	1	3	18	Volkova	1	
96	2011-11-27 13:48:35.249953+06	1	3	18	Volkova	2	Изменен first_name,last_name,email и groups.
97	2011-11-27 13:49:05.825953+06	1	3	19	Orlova	1	
98	2011-11-27 13:49:22.701953+06	1	3	19	Orlova	2	Изменен first_name,last_name,email и groups.
99	2011-11-27 13:49:46.52623+06	1	3	20	Gorina	1	
100	2011-11-27 13:50:20.07023+06	1	3	20	Gorina	2	Изменен first_name,last_name,email и groups.
101	2011-11-27 13:50:45.914507+06	1	3	21	Sergeva	1	
102	2011-11-27 13:52:18.326784+06	1	3	21	Sergeva	2	Изменен first_name,last_name,email и groups.
103	2011-11-27 13:52:51.055061+06	1	3	22	Serebryakova	1	
104	2011-11-27 13:53:40.387338+06	1	3	22	Serebryakova	2	Изменен first_name,last_name,email и groups.
105	2011-11-27 13:55:15.479615+06	1	15	8	Курашвили Ирина Пирузовна	1	
106	2011-11-27 13:55:38.515893+06	1	15	9	Мельничук Елена Петровна	1	
107	2011-11-27 13:55:59.607893+06	1	15	10	Атнашева Ирина Игоревна	1	
108	2011-11-27 13:56:21.847893+06	1	15	11	Ишмулова Евгения Владимировна	1	
109	2011-11-27 13:56:45.42017+06	1	15	12	Ратфельдер Юлия Александровна	1	
110	2011-11-27 13:57:08.37217+06	1	15	13	Новгородцева Светлана Юрьевна	1	
111	2011-11-27 13:57:25.40017+06	1	15	14	Ершова Ольга Михайловна	1	
112	2011-11-27 13:57:45.244448+06	1	15	15	Юрочкина Елена Юрьевна	1	
113	2011-11-27 13:58:05.460448+06	1	15	16	Черкесова Юлия Викторовна	1	
114	2011-11-27 13:58:23.364448+06	1	15	17	Баскова Анастасия Андреевна	1	
115	2011-11-27 13:58:41.700726+06	1	15	18	Дорохова Елена Фаридовна	1	
116	2011-11-27 14:00:39.065283+06	1	15	19	Шендель Эрика Андреевна	1	
117	2011-11-27 14:00:56.205283+06	1	15	20	Андреева Ирина Андреевна	1	
118	2011-11-27 14:01:16.969283+06	1	15	21	Землянская Людмила Владимировна	1	
119	2011-11-27 14:01:33.781561+06	1	15	22	Струкова Виктория Ивановна	1	
120	2011-11-27 14:01:51.749561+06	1	15	23	Волкова Анастасия Владимировна	1	
121	2011-11-27 14:02:17.173561+06	1	15	24	Орлова Ольга Витальевна	1	
122	2011-11-27 14:02:34.153831+06	1	15	25	Горина Светлана Юрьевна	1	
123	2011-11-27 14:02:56.533831+06	1	15	26	Сергеева Ольга Андреевна	1	
124	2011-11-27 14:03:18.269831+06	1	15	27	Серебрякова Ксения Расымовна	1	
125	2011-11-27 14:04:45.418346+06	1	3	4	Atnasheva	2	Ни одно поле не изменено.
126	2011-11-27 14:06:16.442603+06	1	15	17	Баскова Анастасия Евгеньевна	2	Изменен name.
127	2011-11-28 14:15:23.734507+06	1	16	22	№22 от 25.11.11 11:38 Галактионова Мария Егоровна  ОАЭ 24.12.11	2	Изменен dt_mod. Изменены dt_mod для платеж "10000.00 р. з.22".
128	2012-01-20 16:01:41.511643+06	1	15	13	Новгородцева Светлана Юрьевна	2	Ни одно поле не изменено.
129	2012-01-20 16:03:46.595362+06	1	3	23	NovgorodcevaSveta	1	
130	2012-01-20 16:05:10.759222+06	1	3	24	RatfelderYulia	1	
131	2012-01-20 16:07:55.814799+06	1	3	9	Novgorodceva	2	Ни одно поле не изменено.
132	2012-01-20 16:08:21.038799+06	1	3	8	Ratfelder	2	Ни одно поле не изменено.
133	2012-01-20 16:11:14.122374+06	1	3	8	Ratfelder	2	Изменен groups.
134	2012-01-23 12:18:11.93692+06	1	15	18	Основина Виктория Сергеевна	2	Изменен name.
135	2012-01-23 12:22:09.860377+06	1	3	13	Osnovina	2	Изменен username,first_name и last_name.
136	2012-01-23 12:23:02.92024+06	1	3	13	Osnovina	2	Ни одно поле не изменено.
137	2012-01-23 12:23:42.228102+06	1	3	4	Atnasheva	2	Изменен groups.
138	2012-01-23 12:23:52.056102+06	1	3	12	Baskova	2	Изменен groups.
139	2012-01-23 12:24:01.552102+06	1	3	11	Cherkesova	2	Изменен groups.
140	2012-01-23 12:24:09.336102+06	1	3	5	DIREKTOR	2	Ни одно поле не изменено.
141	2012-01-23 12:24:16.479964+06	1	3	10	Ershova	2	Ни одно поле не изменено.
142	2012-01-23 12:24:26.355964+06	1	3	7	Ishmulova	2	Изменен groups.
143	2012-01-23 12:24:35.363964+06	1	3	2	Kurashvili	2	Изменен groups.
144	2012-01-23 12:24:53.023964+06	1	3	3	Melnichuk	2	Изменен groups.
145	2012-01-23 12:24:59.675964+06	1	3	4	Atnasheva	2	Ни одно поле не изменено.
146	2012-01-23 12:25:24.771825+06	1	3	13	Osnovina	2	Изменен groups.
147	2012-01-23 12:25:35.503825+06	1	3	8	Ratfelder	2	Ни одно поле не изменено.
148	2012-01-23 12:25:50.539825+06	1	3	14	Shendel	2	Изменен groups.
149	2012-01-26 12:59:51.248747+06	1	12	108	Flydubai	1	
150	2012-01-26 13:01:07.528368+06	1	3	24	RatfelderYulia	3	
151	2012-01-26 13:02:52.168177+06	1	3	8	Ratfelder	2	Ни одно поле не изменено.
152	2012-01-29 15:22:00.627301+06	1	16	59	№59 от 25.01.12 11:58 Ерпалова Анастасия Олеговна  Таиланд 10.02.12	2	Ни одно поле не изменено.
153	2012-01-29 15:24:15.410956+06	1	16	77	№77 от 28.01.12 16:40 Татаринова Елена Николаевна  Италия 16.06.12	2	Ни одно поле не изменено.
154	2012-01-31 18:09:10.640256+06	1	16	78	№78 от 30.01.12 14:17 Гурин Сергей Николаевич Таиланд 08.02.12	2	Изменен dt_in.
155	2012-01-31 18:11:44.62766+06	1	16	78	№78 от 30.01.12 14:17 Гурин Сергей Николаевич Таиланд 08.02.12	2	Изменены pay для платеж "48295.00 р. з.78".
156	2012-01-31 18:13:19.127461+06	1	16	78	№78 от 30.01.12 14:17 Гурин Сергей Николаевич Таиланд 08.02.12	2	Изменен order_value.
157	2012-01-31 18:13:59.867262+06	1	16	78	№78 от 30.01.12 14:17 Гурин Сергей Николаевич Таиланд 08.02.12	2	Ни одно поле не изменено.
158	2012-02-01 18:57:14.328564+06	1	16	67	№67 от 26.01.12 16:05 Лыткина Елена Владиславовна Италия 28.01.12	2	Ни одно поле не изменено.
159	2012-02-01 18:57:27.912564+06	1	16	67	№67 от 26.01.12 16:05 Лыткина Елена Владиславовна Италия 28.01.12	3	
160	2012-02-03 14:59:15.398866+06	1	3	10	Ershova	2	Ни одно поле не изменено.
161	2012-03-01 10:45:38.256538+06	1	16	133	№133 от 25.02.12 11:57 Леготина Наталья Николаевна Испания 13.06.12	2	Изменены pay для платеж "94778.46 р. з.133".
162	2012-03-06 15:11:29.521159+06	1	16	153	№153 от 06.03.12 17:14 Любар Светлана Александровна Греция 19.07.12	2	Изменен dt_mod,country,dt_in и order_value. Изменены dt_mod,pay и rate для платеж "107610.00 р. з.153".
163	2012-03-09 13:10:30.781307+06	1	16	104	№104 от 12.02.12 13:06 Зуева Лидия Юрьевна Испания 02.06.12	2	Изменен order_value.
164	2012-03-11 13:06:59.628579+06	1	16	170	№170 от 06.03.12 14:34 Шерстянникова Юлия Евгеньевна ОАЭ 28.03.12	2	Изменен dt_mod. Изменены dt_mod для платеж "45000.00 р. з.170".
165	2012-03-11 13:07:33.492579+06	1	16	163	№163 от 06.03.12 18:49 Шерстянникова Юлия Евгеньевна ОАЭ 28.03.12	3	
166	2012-03-12 15:39:14.256943+06	1	16	174	№174 от 11.03.12 14:32 Лалыко Анастасия Валерьевна Мексика 26.04.12	2	Изменен order_value.
167	2012-04-01 23:43:52.6083+06	6	18	1	Касса	1	
168	2012-04-01 23:43:57.2083+06	6	18	2	Терминал	1	
169	2012-04-01 23:44:00.0523+06	6	18	3	Нал	1	
170	2012-04-01 23:58:05.286074+06	6	16	259	№259 от 01.04.12 23:45 Тестов Иван Иванович Турция 30.04.12	2	Удален платеж "1000.00 р. з.259". Удален платеж "5000.00 р. з.259". Удален платеж "5000.00 р. з.259".
171	2012-04-02 00:07:54.117334+06	6	16	259	№259 от 01.04.12 23:45 Тестов Иван Иванович Турция 30.04.12	2	Удален платеж "5.00 р. з.259". Удален платеж "5000.00 р. з.259". Удален платеж "20000.00 р. з.259".
172	2012-04-02 00:21:39.999211+06	6	16	259	№259 от 01.04.12 23:45 Тестов Иван Иванович Турция 30.04.12	3	
173	2012-04-04 21:42:40.927556+06	1	10	1	настройки	1	
174	2012-04-04 22:37:46.411084+06	1	16	268	№268 от 04.04.12 21:43 Тестов Иван Иванович Египет 28.04.12	3	
175	2012-04-04 22:37:46.427084+06	1	16	267	№267 от 04.04.12 21:38 Тестов Иван Иванович Турция 16.06.12	3	
176	2012-04-09 11:54:02.88182+06	1	16	272	№272 от 06.04.12 14:42 Калинина Наталья Викторовна Франция 23.05.12	2	Изменены rate для платеж "5000.00 р. з.272".
\.


--
-- Data for Name: django_content_type; Type: TABLE DATA; Schema: public; Owner: sails
--

COPY django_content_type (id, name, app_label, model) FROM stdin;
1	permission	auth	permission
2	group	auth	group
3	user	auth	user
4	message	auth	message
5	content type	contenttypes	contenttype
6	session	sessions	session
7	log entry	admin	logentry
8	site	sites	site
9	migration history	south	migrationhistory
10	настройки	website	settings
11	страна	website	country
12	туроператор	website	oper
13	валюта	website	currency
14	офис	website	office
15	сотрудник	website	staff
16	заявка	website	order
17	платеж	website	payment
18	форма платежа	website	paymenttype
\.


--
-- Data for Name: django_session; Type: TABLE DATA; Schema: public; Owner: sails
--

COPY django_session (session_key, session_data, expire_date) FROM stdin;
2865064c0bb0817f75bfd17a881ca089	M2ExMTI3NjY3YTU1ZGIwZWFkY2E2MzViN2JkNjc0NDM5Zjk2MzczYTqAAn1xAVUKdGVzdGNvb2tp\nZXECVQZ3b3JrZWRxA3Mu\n	2012-02-15 16:59:30.818311+06
9e1e5fac445858b038cf882e91484344	YjkzYTljOThmNzJjMjBkOWI3Nzk0ZjdiMGRkMzU2YzUxNTcwOWUyZjqAAn1xAShVEl9hdXRoX3Vz\nZXJfYmFja2VuZHECVSlkamFuZ28uY29udHJpYi5hdXRoLmJhY2tlbmRzLk1vZGVsQmFja2VuZHED\nVQ1fYXV0aF91c2VyX2lkcQRLAVUPX3Nlc3Npb25fZXhwaXJ5cQVLAHUu\n	2011-08-16 18:03:37.374175+06
5f1b120173e0c9194e1af4898f68ef6e	MGRmNTkxZTFkZjExMzI4NzMzOTJkM2JiOTQ5MzZmZmNmYzI5ZmMwNzqAAn1xAShVEl9hdXRoX3Vz\nZXJfYmFja2VuZHECVSlkamFuZ28uY29udHJpYi5hdXRoLmJhY2tlbmRzLk1vZGVsQmFja2VuZHED\nVQ1fYXV0aF91c2VyX2lkcQRLBlUPX3Nlc3Npb25fZXhwaXJ5cQVLAHUu\n	2012-02-08 11:10:14.096662+06
ab385a4608ef26ffbe9ddf915034c498	YjJjNDZjNTU5OTcyNTJhODUzNjhiY2ZjOTIyNDdkOTllOTcxZmJjNTqAAn1xAShVD19zZXNzaW9u\nX2V4cGlyeXECSwBVDV9hdXRoX3VzZXJfaWRxA0sBVRJfYXV0aF91c2VyX2JhY2tlbmRxBFUpZGph\nbmdvLmNvbnRyaWIuYXV0aC5iYWNrZW5kcy5Nb2RlbEJhY2tlbmRxBXUu\n	2011-08-11 16:34:19+06
bcdd763348feab7a619bd15c7051f497	YjkzYTljOThmNzJjMjBkOWI3Nzk0ZjdiMGRkMzU2YzUxNTcwOWUyZjqAAn1xAShVEl9hdXRoX3Vz\nZXJfYmFja2VuZHECVSlkamFuZ28uY29udHJpYi5hdXRoLmJhY2tlbmRzLk1vZGVsQmFja2VuZHED\nVQ1fYXV0aF91c2VyX2lkcQRLAVUPX3Nlc3Npb25fZXhwaXJ5cQVLAHUu\n	2011-08-09 17:55:46+06
4dd4f8fbd4bc6c5ecaeb4b161e3108bf	YjkzYTljOThmNzJjMjBkOWI3Nzk0ZjdiMGRkMzU2YzUxNTcwOWUyZjqAAn1xAShVEl9hdXRoX3Vz\nZXJfYmFja2VuZHECVSlkamFuZ28uY29udHJpYi5hdXRoLmJhY2tlbmRzLk1vZGVsQmFja2VuZHED\nVQ1fYXV0aF91c2VyX2lkcQRLAVUPX3Nlc3Npb25fZXhwaXJ5cQVLAHUu\n	2011-08-10 18:28:23+06
06733a542cc07a9c74af1ec275318723	YjkzYTljOThmNzJjMjBkOWI3Nzk0ZjdiMGRkMzU2YzUxNTcwOWUyZjqAAn1xAShVEl9hdXRoX3Vz\nZXJfYmFja2VuZHECVSlkamFuZ28uY29udHJpYi5hdXRoLmJhY2tlbmRzLk1vZGVsQmFja2VuZHED\nVQ1fYXV0aF91c2VyX2lkcQRLAVUPX3Nlc3Npb25fZXhwaXJ5cQVLAHUu\n	2011-08-11 17:31:12.057002+06
c8e84824162ab003c0690e25604ffb5c	ZGYzYWRhNGYzMzA4MDk2ZTk2NGM4YzU2ZTVmMGNiODNhM2M0NGI5YjqAAn1xAShVEl9hdXRoX3Vz\nZXJfYmFja2VuZHECVSlkamFuZ28uY29udHJpYi5hdXRoLmJhY2tlbmRzLk1vZGVsQmFja2VuZHED\nVQ1fYXV0aF91c2VyX2lkcQRLB1UPX3Nlc3Npb25fZXhwaXJ5cQVLAHUu\n	2011-12-13 09:53:35.944343+06
45dd60de3a04c78da85d3ab5e525710f	OGU1MjQwMDE5NTA1NjU1N2ZhMzhiMGEzMTZmMTAxNDM0NDhkMmE0YjqAAn1xAShVEl9hdXRoX3Vz\nZXJfYmFja2VuZHECVSlkamFuZ28uY29udHJpYi5hdXRoLmJhY2tlbmRzLk1vZGVsQmFja2VuZHED\nVQ1fYXV0aF91c2VyX2lkcQRLCnUu\n	2012-04-03 16:57:16.54674+06
4747478cefef954c7bfaf75df6af7e7a	NjM1MjU1OGJmZGY4Y2IxYzRjZWYyNmM4NzAyM2FjZGE0ZDQyZDdjOTqAAn1xAShVEl9hdXRoX3Vz\nZXJfYmFja2VuZHECVSlkamFuZ28uY29udHJpYi5hdXRoLmJhY2tlbmRzLk1vZGVsQmFja2VuZHED\nVQ1fYXV0aF91c2VyX2lkcQRLA1UPX3Nlc3Npb25fZXhwaXJ5cQVLAHUu\n	2012-01-31 11:31:40.129721+06
f1869f694c27970ad4e274170ac2bad3	ZmE2NWNlODRiMGE5MmFhZDBlMjJlYmNkZjg5Y2Q3NGM5MGM2ZjEzMDqAAn1xAShVEl9hdXRoX3Vz\nZXJfYmFja2VuZHECVSlkamFuZ28uY29udHJpYi5hdXRoLmJhY2tlbmRzLk1vZGVsQmFja2VuZHED\nVQ1fYXV0aF91c2VyX2lkcQRLBVUPX3Nlc3Npb25fZXhwaXJ5cQVLAHUu\n	2011-08-19 18:12:14.036281+06
c684a4c38265ba093e69ec63c0ca46d5	YjkzYTljOThmNzJjMjBkOWI3Nzk0ZjdiMGRkMzU2YzUxNTcwOWUyZjqAAn1xAShVEl9hdXRoX3Vz\nZXJfYmFja2VuZHECVSlkamFuZ28uY29udHJpYi5hdXRoLmJhY2tlbmRzLk1vZGVsQmFja2VuZHED\nVQ1fYXV0aF91c2VyX2lkcQRLAVUPX3Nlc3Npb25fZXhwaXJ5cQVLAHUu\n	2011-08-17 19:01:06.430431+06
7c964f0ff26a50fb7f9ba91a3cae6d22	ZDhhNzZhYWFkMGJmNDAzZGQ1YzNmYzg5MmVhNGFmYjI4ZmNjMjU5NzqAAn1xAShVEl9hdXRoX3Vz\nZXJfYmFja2VuZHECVSlkamFuZ28uY29udHJpYi5hdXRoLmJhY2tlbmRzLk1vZGVsQmFja2VuZHED\nVQ1fYXV0aF91c2VyX2lkcQRLC1UPX3Nlc3Npb25fZXhwaXJ5cQVLAHUu\n	2012-03-30 17:46:19.390424+06
d1b18f81accf04f083d0e1507f1d2699	M2ExMTI3NjY3YTU1ZGIwZWFkY2E2MzViN2JkNjc0NDM5Zjk2MzczYTqAAn1xAVUKdGVzdGNvb2tp\nZXECVQZ3b3JrZWRxA3Mu\n	2011-08-24 17:43:50.816789+06
8792133a91f1ee86d8c99cece3a1c24d	OGU1MjQwMDE5NTA1NjU1N2ZhMzhiMGEzMTZmMTAxNDM0NDhkMmE0YjqAAn1xAShVEl9hdXRoX3Vz\nZXJfYmFja2VuZHECVSlkamFuZ28uY29udHJpYi5hdXRoLmJhY2tlbmRzLk1vZGVsQmFja2VuZHED\nVQ1fYXV0aF91c2VyX2lkcQRLCnUu\n	2012-04-23 15:12:00.151654+06
1e17b106251dcdb806b9c30ca2af744f	YjkzYTljOThmNzJjMjBkOWI3Nzk0ZjdiMGRkMzU2YzUxNTcwOWUyZjqAAn1xAShVEl9hdXRoX3Vz\nZXJfYmFja2VuZHECVSlkamFuZ28uY29udHJpYi5hdXRoLmJhY2tlbmRzLk1vZGVsQmFja2VuZHED\nVQ1fYXV0aF91c2VyX2lkcQRLAVUPX3Nlc3Npb25fZXhwaXJ5cQVLAHUu\n	2011-08-11 17:33:39.980587+06
8dc2c13de27876caf967b4d9dd576feb	MGRmNTkxZTFkZjExMzI4NzMzOTJkM2JiOTQ5MzZmZmNmYzI5ZmMwNzqAAn1xAShVEl9hdXRoX3Vz\nZXJfYmFja2VuZHECVSlkamFuZ28uY29udHJpYi5hdXRoLmJhY2tlbmRzLk1vZGVsQmFja2VuZHED\nVQ1fYXV0aF91c2VyX2lkcQRLBlUPX3Nlc3Npb25fZXhwaXJ5cQVLAHUu\n	2011-10-10 14:22:09.047698+06
7274d771ffdc41f0d6757f7f6b118f9d	YjkzYTljOThmNzJjMjBkOWI3Nzk0ZjdiMGRkMzU2YzUxNTcwOWUyZjqAAn1xAShVEl9hdXRoX3Vz\nZXJfYmFja2VuZHECVSlkamFuZ28uY29udHJpYi5hdXRoLmJhY2tlbmRzLk1vZGVsQmFja2VuZHED\nVQ1fYXV0aF91c2VyX2lkcQRLAVUPX3Nlc3Npb25fZXhwaXJ5cQVLAHUu\n	2011-08-11 17:34:28.528587+06
a7d2cba4cd6bfdafeca4702fef7e4db3	OWY4MzUxYzYxNDI0MDgyMTJiNGE4YWEwMmY0NzA0NDRkNzU1ZmY2ZTqAAn1xAShVEl9hdXRoX3Vz\nZXJfYmFja2VuZHECVSlkamFuZ28uY29udHJpYi5hdXRoLmJhY2tlbmRzLk1vZGVsQmFja2VuZHED\nVQ1fYXV0aF91c2VyX2lkcQRLDlUPX3Nlc3Npb25fZXhwaXJ5cQVLAHUu\n	2012-03-07 18:30:05.600163+06
4b02d4ae666de2c7466e101131305389	YjkzYTljOThmNzJjMjBkOWI3Nzk0ZjdiMGRkMzU2YzUxNTcwOWUyZjqAAn1xAShVEl9hdXRoX3Vz\nZXJfYmFja2VuZHECVSlkamFuZ28uY29udHJpYi5hdXRoLmJhY2tlbmRzLk1vZGVsQmFja2VuZHED\nVQ1fYXV0aF91c2VyX2lkcQRLAVUPX3Nlc3Npb25fZXhwaXJ5cQVLAHUu\n	2011-08-16 10:53:52.179091+06
60eead300f15c073bcff7eadd30e7ac8	M2ExMTI3NjY3YTU1ZGIwZWFkY2E2MzViN2JkNjc0NDM5Zjk2MzczYTqAAn1xAVUKdGVzdGNvb2tp\nZXECVQZ3b3JrZWRxA3Mu\n	2011-08-23 18:28:10.469582+06
41cda322030076a5bde78a08143945a1	ZGUxY2Q0OWI4OWY4ZWY5ZGU3ZDdlZTY3NmViMTViOWQ1M2YzNjNhYzqAAn1xAShVEl9hdXRoX3Vz\nZXJfYmFja2VuZHECVSlkamFuZ28uY29udHJpYi5hdXRoLmJhY2tlbmRzLk1vZGVsQmFja2VuZHED\nVQ1fYXV0aF91c2VyX2lkcQRLBFUPX3Nlc3Npb25fZXhwaXJ5cQVLAHUu\n	2012-02-24 12:27:26.268872+06
f1295503cdbd85dd01194c55eab7762b	M2ExMTI3NjY3YTU1ZGIwZWFkY2E2MzViN2JkNjc0NDM5Zjk2MzczYTqAAn1xAVUKdGVzdGNvb2tp\nZXECVQZ3b3JrZWRxA3Mu\n	2012-02-24 15:08:12.253206+06
fb9fa0817db45ea424513ce28a045f7d	M2ExMTI3NjY3YTU1ZGIwZWFkY2E2MzViN2JkNjc0NDM5Zjk2MzczYTqAAn1xAVUKdGVzdGNvb2tp\nZXECVQZ3b3JrZWRxA3Mu\n	2011-08-11 21:01:09.259908+06
f8f00b253632814f92fdbbf981b1af11	YjkzYTljOThmNzJjMjBkOWI3Nzk0ZjdiMGRkMzU2YzUxNTcwOWUyZjqAAn1xAShVEl9hdXRoX3Vz\nZXJfYmFja2VuZHECVSlkamFuZ28uY29udHJpYi5hdXRoLmJhY2tlbmRzLk1vZGVsQmFja2VuZHED\nVQ1fYXV0aF91c2VyX2lkcQRLAVUPX3Nlc3Npb25fZXhwaXJ5cQVLAHUu\n	2011-08-16 11:19:42.570265+06
47e29ab9b4bb56872d11133fb94caaec	YjkzYTljOThmNzJjMjBkOWI3Nzk0ZjdiMGRkMzU2YzUxNTcwOWUyZjqAAn1xAShVEl9hdXRoX3Vz\nZXJfYmFja2VuZHECVSlkamFuZ28uY29udHJpYi5hdXRoLmJhY2tlbmRzLk1vZGVsQmFja2VuZHED\nVQ1fYXV0aF91c2VyX2lkcQRLAVUPX3Nlc3Npb25fZXhwaXJ5cQVLAHUu\n	2011-08-16 11:24:02.405298+06
988b98bb9f3e58fb10f9f97ff6b114e8	M2ExMTI3NjY3YTU1ZGIwZWFkY2E2MzViN2JkNjc0NDM5Zjk2MzczYTqAAn1xAVUKdGVzdGNvb2tp\nZXECVQZ3b3JrZWRxA3Mu\n	2011-10-25 14:18:28.053105+06
8fd55cd6c6db0d74d606e1cf22e1932a	MGRmNTkxZTFkZjExMzI4NzMzOTJkM2JiOTQ5MzZmZmNmYzI5ZmMwNzqAAn1xAShVEl9hdXRoX3Vz\nZXJfYmFja2VuZHECVSlkamFuZ28uY29udHJpYi5hdXRoLmJhY2tlbmRzLk1vZGVsQmFja2VuZHED\nVQ1fYXV0aF91c2VyX2lkcQRLBlUPX3Nlc3Npb25fZXhwaXJ5cQVLAHUu\n	2011-10-28 13:55:50.827098+06
3599fcc6c7233b65508bdd582a10c9e4	NjUwNmI0YTkxZjQxNTU0N2IyMWVjYWQ4NTMxMjMxZWRlNzUwMjNkYjqAAn1xAShVEl9hdXRoX3Vz\nZXJfYmFja2VuZHECVSlkamFuZ28uY29udHJpYi5hdXRoLmJhY2tlbmRzLk1vZGVsQmFja2VuZHED\nVQ1fYXV0aF91c2VyX2lkcQRLDFUPX3Nlc3Npb25fZXhwaXJ5cQVLAHUu\n	2012-02-25 16:38:35.833164+06
2431536942171fed978518aabcc3670a	M2ExMTI3NjY3YTU1ZGIwZWFkY2E2MzViN2JkNjc0NDM5Zjk2MzczYTqAAn1xAVUKdGVzdGNvb2tp\nZXECVQZ3b3JrZWRxA3Mu\n	2011-11-03 00:25:16.477913+06
37cae62ab3a7b0df1c06e0a27e54ec54	M2ExMTI3NjY3YTU1ZGIwZWFkY2E2MzViN2JkNjc0NDM5Zjk2MzczYTqAAn1xAVUKdGVzdGNvb2tp\nZXECVQZ3b3JrZWRxA3Mu\n	2012-02-20 14:02:09.802979+06
42b17330c5af9f1744230ad5962b168e	NjM1MjU1OGJmZGY4Y2IxYzRjZWYyNmM4NzAyM2FjZGE0ZDQyZDdjOTqAAn1xAShVEl9hdXRoX3Vz\nZXJfYmFja2VuZHECVSlkamFuZ28uY29udHJpYi5hdXRoLmJhY2tlbmRzLk1vZGVsQmFja2VuZHED\nVQ1fYXV0aF91c2VyX2lkcQRLA1UPX3Nlc3Npb25fZXhwaXJ5cQVLAHUu\n	2011-08-19 17:23:26.211629+06
b90dcc53278b3c70f8531bdf0001e833	MGRmNTkxZTFkZjExMzI4NzMzOTJkM2JiOTQ5MzZmZmNmYzI5ZmMwNzqAAn1xAShVEl9hdXRoX3Vz\nZXJfYmFja2VuZHECVSlkamFuZ28uY29udHJpYi5hdXRoLmJhY2tlbmRzLk1vZGVsQmFja2VuZHED\nVQ1fYXV0aF91c2VyX2lkcQRLBlUPX3Nlc3Npb25fZXhwaXJ5cQVLAHUu\n	2011-09-05 15:48:40.813913+06
82cef977bf71aa97dd78ee4c43588007	NmNlNzIzZjRhZTk3MDRjNTBjN2E1YmFkM2E0ZDFmMzQzZjU4N2UyNDqAAn1xAShVEl9hdXRoX3Vz\nZXJfYmFja2VuZHECVSlkamFuZ28uY29udHJpYi5hdXRoLmJhY2tlbmRzLk1vZGVsQmFja2VuZHED\nVQ1fYXV0aF91c2VyX2lkcQRLAXUu\n	2011-08-19 14:13:36.395568+06
349bbed087f735b4c41819485ddc293c	YjkzYTljOThmNzJjMjBkOWI3Nzk0ZjdiMGRkMzU2YzUxNTcwOWUyZjqAAn1xAShVEl9hdXRoX3Vz\nZXJfYmFja2VuZHECVSlkamFuZ28uY29udHJpYi5hdXRoLmJhY2tlbmRzLk1vZGVsQmFja2VuZHED\nVQ1fYXV0aF91c2VyX2lkcQRLAVUPX3Nlc3Npb25fZXhwaXJ5cQVLAHUu\n	2011-08-17 11:44:56.948208+06
e50680bcecf279470b8bd6ae8a017e4a	ZGUxY2Q0OWI4OWY4ZWY5ZGU3ZDdlZTY3NmViMTViOWQ1M2YzNjNhYzqAAn1xAShVEl9hdXRoX3Vz\nZXJfYmFja2VuZHECVSlkamFuZ28uY29udHJpYi5hdXRoLmJhY2tlbmRzLk1vZGVsQmFja2VuZHED\nVQ1fYXV0aF91c2VyX2lkcQRLBFUPX3Nlc3Npb25fZXhwaXJ5cQVLAHUu\n	2011-08-19 17:27:08.191055+06
4ee17b255e3c17cad1d3a3330127a4fe	YjkzYTljOThmNzJjMjBkOWI3Nzk0ZjdiMGRkMzU2YzUxNTcwOWUyZjqAAn1xAShVEl9hdXRoX3Vz\nZXJfYmFja2VuZHECVSlkamFuZ28uY29udHJpYi5hdXRoLmJhY2tlbmRzLk1vZGVsQmFja2VuZHED\nVQ1fYXV0aF91c2VyX2lkcQRLAVUPX3Nlc3Npb25fZXhwaXJ5cQVLAHUu\n	2011-08-17 16:00:46.962353+06
a14d6a6f1a37179bba637ec3d29a1aeb	YjkzYTljOThmNzJjMjBkOWI3Nzk0ZjdiMGRkMzU2YzUxNTcwOWUyZjqAAn1xAShVEl9hdXRoX3Vz\nZXJfYmFja2VuZHECVSlkamFuZ28uY29udHJpYi5hdXRoLmJhY2tlbmRzLk1vZGVsQmFja2VuZHED\nVQ1fYXV0aF91c2VyX2lkcQRLAVUPX3Nlc3Npb25fZXhwaXJ5cQVLAHUu\n	2011-08-18 12:46:51.480721+06
c9c84c262833a0df17af29dc0f1038b4	YjkzYTljOThmNzJjMjBkOWI3Nzk0ZjdiMGRkMzU2YzUxNTcwOWUyZjqAAn1xAShVEl9hdXRoX3Vz\nZXJfYmFja2VuZHECVSlkamFuZ28uY29udHJpYi5hdXRoLmJhY2tlbmRzLk1vZGVsQmFja2VuZHED\nVQ1fYXV0aF91c2VyX2lkcQRLAVUPX3Nlc3Npb25fZXhwaXJ5cQVLAHUu\n	2011-08-17 16:07:48.025335+06
c78b1b78943cbf2c1a511e232d8c74fe	MGRmNTkxZTFkZjExMzI4NzMzOTJkM2JiOTQ5MzZmZmNmYzI5ZmMwNzqAAn1xAShVEl9hdXRoX3Vz\nZXJfYmFja2VuZHECVSlkamFuZ28uY29udHJpYi5hdXRoLmJhY2tlbmRzLk1vZGVsQmFja2VuZHED\nVQ1fYXV0aF91c2VyX2lkcQRLBlUPX3Nlc3Npb25fZXhwaXJ5cQVLAHUu\n	2011-09-21 18:22:45.515385+06
add4f792ce3686a952469d29cb0c0895	YjkzYTljOThmNzJjMjBkOWI3Nzk0ZjdiMGRkMzU2YzUxNTcwOWUyZjqAAn1xAShVEl9hdXRoX3Vz\nZXJfYmFja2VuZHECVSlkamFuZ28uY29udHJpYi5hdXRoLmJhY2tlbmRzLk1vZGVsQmFja2VuZHED\nVQ1fYXV0aF91c2VyX2lkcQRLAVUPX3Nlc3Npb25fZXhwaXJ5cQVLAHUu\n	2011-08-17 16:54:17.05016+06
36b1f67230cc12f2cb4409ba62318ff0	YjkzYTljOThmNzJjMjBkOWI3Nzk0ZjdiMGRkMzU2YzUxNTcwOWUyZjqAAn1xAShVEl9hdXRoX3Vz\nZXJfYmFja2VuZHECVSlkamFuZ28uY29udHJpYi5hdXRoLmJhY2tlbmRzLk1vZGVsQmFja2VuZHED\nVQ1fYXV0aF91c2VyX2lkcQRLAVUPX3Nlc3Npb25fZXhwaXJ5cQVLAHUu\n	2011-08-18 13:04:14.088878+06
a639e3a514d5564e9cad33bb0b98c9b8	YjkzYTljOThmNzJjMjBkOWI3Nzk0ZjdiMGRkMzU2YzUxNTcwOWUyZjqAAn1xAShVEl9hdXRoX3Vz\nZXJfYmFja2VuZHECVSlkamFuZ28uY29udHJpYi5hdXRoLmJhY2tlbmRzLk1vZGVsQmFja2VuZHED\nVQ1fYXV0aF91c2VyX2lkcQRLAVUPX3Nlc3Npb25fZXhwaXJ5cQVLAHUu\n	2011-08-17 18:41:52.681477+06
fe9df6be2adfc9aa85aae90ec143f5b3	YjkzYTljOThmNzJjMjBkOWI3Nzk0ZjdiMGRkMzU2YzUxNTcwOWUyZjqAAn1xAShVEl9hdXRoX3Vz\nZXJfYmFja2VuZHECVSlkamFuZ28uY29udHJpYi5hdXRoLmJhY2tlbmRzLk1vZGVsQmFja2VuZHED\nVQ1fYXV0aF91c2VyX2lkcQRLAVUPX3Nlc3Npb25fZXhwaXJ5cQVLAHUu\n	2011-08-15 17:51:28.430942+06
a7b09481fd7509904ebed2bdeb59264a	YjkzYTljOThmNzJjMjBkOWI3Nzk0ZjdiMGRkMzU2YzUxNTcwOWUyZjqAAn1xAShVEl9hdXRoX3Vz\nZXJfYmFja2VuZHECVSlkamFuZ28uY29udHJpYi5hdXRoLmJhY2tlbmRzLk1vZGVsQmFja2VuZHED\nVQ1fYXV0aF91c2VyX2lkcQRLAVUPX3Nlc3Npb25fZXhwaXJ5cQVLAHUu\n	2011-08-15 18:04:22.240903+06
80d3566ce086660e4e472f12aafccfe8	YjkzYTljOThmNzJjMjBkOWI3Nzk0ZjdiMGRkMzU2YzUxNTcwOWUyZjqAAn1xAShVEl9hdXRoX3Vz\nZXJfYmFja2VuZHECVSlkamFuZ28uY29udHJpYi5hdXRoLmJhY2tlbmRzLk1vZGVsQmFja2VuZHED\nVQ1fYXV0aF91c2VyX2lkcQRLAVUPX3Nlc3Npb25fZXhwaXJ5cQVLAHUu\n	2011-08-18 15:33:08.219465+06
640c42b3cba451d86065c5cdb25237ae	YjkzYTljOThmNzJjMjBkOWI3Nzk0ZjdiMGRkMzU2YzUxNTcwOWUyZjqAAn1xAShVEl9hdXRoX3Vz\nZXJfYmFja2VuZHECVSlkamFuZ28uY29udHJpYi5hdXRoLmJhY2tlbmRzLk1vZGVsQmFja2VuZHED\nVQ1fYXV0aF91c2VyX2lkcQRLAVUPX3Nlc3Npb25fZXhwaXJ5cQVLAHUu\n	2011-08-18 21:01:11.02272+06
c379c5e581bb7d063634502a46837d66	YjkzYTljOThmNzJjMjBkOWI3Nzk0ZjdiMGRkMzU2YzUxNTcwOWUyZjqAAn1xAShVEl9hdXRoX3Vz\nZXJfYmFja2VuZHECVSlkamFuZ28uY29udHJpYi5hdXRoLmJhY2tlbmRzLk1vZGVsQmFja2VuZHED\nVQ1fYXV0aF91c2VyX2lkcQRLAVUPX3Nlc3Npb25fZXhwaXJ5cQVLAHUu\n	2011-08-15 18:18:28.930711+06
381437e05074343ef5f8ef72802ef643	MGRmNTkxZTFkZjExMzI4NzMzOTJkM2JiOTQ5MzZmZmNmYzI5ZmMwNzqAAn1xAShVEl9hdXRoX3Vz\nZXJfYmFja2VuZHECVSlkamFuZ28uY29udHJpYi5hdXRoLmJhY2tlbmRzLk1vZGVsQmFja2VuZHED\nVQ1fYXV0aF91c2VyX2lkcQRLBlUPX3Nlc3Npb25fZXhwaXJ5cQVLAHUu\n	2011-09-22 21:34:56.460555+06
934d07e41a6a47acc176a3a2ee013525	YjkzYTljOThmNzJjMjBkOWI3Nzk0ZjdiMGRkMzU2YzUxNTcwOWUyZjqAAn1xAShVEl9hdXRoX3Vz\nZXJfYmFja2VuZHECVSlkamFuZ28uY29udHJpYi5hdXRoLmJhY2tlbmRzLk1vZGVsQmFja2VuZHED\nVQ1fYXV0aF91c2VyX2lkcQRLAVUPX3Nlc3Npb25fZXhwaXJ5cQVLAHUu\n	2011-08-15 09:24:26.648921+06
234eb7d36a76a3f1e085bd102c26ac42	YjkzYTljOThmNzJjMjBkOWI3Nzk0ZjdiMGRkMzU2YzUxNTcwOWUyZjqAAn1xAShVEl9hdXRoX3Vz\nZXJfYmFja2VuZHECVSlkamFuZ28uY29udHJpYi5hdXRoLmJhY2tlbmRzLk1vZGVsQmFja2VuZHED\nVQ1fYXV0aF91c2VyX2lkcQRLAVUPX3Nlc3Npb25fZXhwaXJ5cQVLAHUu\n	2011-08-15 18:57:09.784552+06
6dc1bd87b2305e7b8608ef0218c0b547	YjkzYTljOThmNzJjMjBkOWI3Nzk0ZjdiMGRkMzU2YzUxNTcwOWUyZjqAAn1xAShVEl9hdXRoX3Vz\nZXJfYmFja2VuZHECVSlkamFuZ28uY29udHJpYi5hdXRoLmJhY2tlbmRzLk1vZGVsQmFja2VuZHED\nVQ1fYXV0aF91c2VyX2lkcQRLAVUPX3Nlc3Npb25fZXhwaXJ5cQVLAHUu\n	2011-08-15 20:21:03.278477+06
f789c45312275217a2f16600957fa2cc	MGRmNTkxZTFkZjExMzI4NzMzOTJkM2JiOTQ5MzZmZmNmYzI5ZmMwNzqAAn1xAShVEl9hdXRoX3Vz\nZXJfYmFja2VuZHECVSlkamFuZ28uY29udHJpYi5hdXRoLmJhY2tlbmRzLk1vZGVsQmFja2VuZHED\nVQ1fYXV0aF91c2VyX2lkcQRLBlUPX3Nlc3Npb25fZXhwaXJ5cQVLAHUu\n	2011-10-15 21:15:09.088987+06
ad50af6a20dd5e1bc63e7120abcee163	MGRmNTkxZTFkZjExMzI4NzMzOTJkM2JiOTQ5MzZmZmNmYzI5ZmMwNzqAAn1xAShVEl9hdXRoX3Vz\nZXJfYmFja2VuZHECVSlkamFuZ28uY29udHJpYi5hdXRoLmJhY2tlbmRzLk1vZGVsQmFja2VuZHED\nVQ1fYXV0aF91c2VyX2lkcQRLBlUPX3Nlc3Npb25fZXhwaXJ5cQVLAHUu\n	2011-10-19 13:07:31.56341+06
a91ae32af17895d3c97ab33ecd6b7868	M2ExMTI3NjY3YTU1ZGIwZWFkY2E2MzViN2JkNjc0NDM5Zjk2MzczYTqAAn1xAVUKdGVzdGNvb2tp\nZXECVQZ3b3JrZWRxA3Mu\n	2011-10-25 14:18:28.289105+06
5db8660912a60aa6ee0af718257398cc	ZmE2NWNlODRiMGE5MmFhZDBlMjJlYmNkZjg5Y2Q3NGM5MGM2ZjEzMDqAAn1xAShVEl9hdXRoX3Vz\nZXJfYmFja2VuZHECVSlkamFuZ28uY29udHJpYi5hdXRoLmJhY2tlbmRzLk1vZGVsQmFja2VuZHED\nVQ1fYXV0aF91c2VyX2lkcQRLBVUPX3Nlc3Npb25fZXhwaXJ5cQVLAHUu\n	2011-08-23 11:39:56.746717+06
52694086a272654275a0e1b898ee93aa	M2ExMTI3NjY3YTU1ZGIwZWFkY2E2MzViN2JkNjc0NDM5Zjk2MzczYTqAAn1xAVUKdGVzdGNvb2tp\nZXECVQZ3b3JrZWRxA3Mu\n	2011-08-23 18:28:10.501582+06
120618e84b12e7f755113566a58a2c04	M2ExMTI3NjY3YTU1ZGIwZWFkY2E2MzViN2JkNjc0NDM5Zjk2MzczYTqAAn1xAVUKdGVzdGNvb2tp\nZXECVQZ3b3JrZWRxA3Mu\n	2011-08-23 18:28:10.597582+06
56770514498922d159b45a0d9fc2afef	MGRmNTkxZTFkZjExMzI4NzMzOTJkM2JiOTQ5MzZmZmNmYzI5ZmMwNzqAAn1xAShVEl9hdXRoX3Vz\nZXJfYmFja2VuZHECVSlkamFuZ28uY29udHJpYi5hdXRoLmJhY2tlbmRzLk1vZGVsQmFja2VuZHED\nVQ1fYXV0aF91c2VyX2lkcQRLBlUPX3Nlc3Npb25fZXhwaXJ5cQVLAHUu\n	2011-09-16 11:12:00.466035+06
66f5c02e478628d524f1d3dbae80fb0d	M2ExMTI3NjY3YTU1ZGIwZWFkY2E2MzViN2JkNjc0NDM5Zjk2MzczYTqAAn1xAVUKdGVzdGNvb2tp\nZXECVQZ3b3JrZWRxA3Mu\n	2011-08-23 18:31:06.457186+06
0dd493932f0af6d1a07444dcfce94170	YjkzYTljOThmNzJjMjBkOWI3Nzk0ZjdiMGRkMzU2YzUxNTcwOWUyZjqAAn1xAShVEl9hdXRoX3Vz\nZXJfYmFja2VuZHECVSlkamFuZ28uY29udHJpYi5hdXRoLmJhY2tlbmRzLk1vZGVsQmFja2VuZHED\nVQ1fYXV0aF91c2VyX2lkcQRLAVUPX3Nlc3Npb25fZXhwaXJ5cQVLAHUu\n	2011-08-16 18:05:45.013862+06
3ac0e1429a4dac5db58d2dde53f0514b	YjkzYTljOThmNzJjMjBkOWI3Nzk0ZjdiMGRkMzU2YzUxNTcwOWUyZjqAAn1xAShVEl9hdXRoX3Vz\nZXJfYmFja2VuZHECVSlkamFuZ28uY29udHJpYi5hdXRoLmJhY2tlbmRzLk1vZGVsQmFja2VuZHED\nVQ1fYXV0aF91c2VyX2lkcQRLAVUPX3Nlc3Npb25fZXhwaXJ5cQVLAHUu\n	2011-08-16 14:48:59.698119+06
75b9455557cd9ab3c9ed58c9ed7b6b82	M2ExMTI3NjY3YTU1ZGIwZWFkY2E2MzViN2JkNjc0NDM5Zjk2MzczYTqAAn1xAVUKdGVzdGNvb2tp\nZXECVQZ3b3JrZWRxA3Mu\n	2012-02-15 16:59:32.622117+06
3dcd32dc3e8d49e5018ede8c8309e23f	MGRmNTkxZTFkZjExMzI4NzMzOTJkM2JiOTQ5MzZmZmNmYzI5ZmMwNzqAAn1xAShVEl9hdXRoX3Vz\nZXJfYmFja2VuZHECVSlkamFuZ28uY29udHJpYi5hdXRoLmJhY2tlbmRzLk1vZGVsQmFja2VuZHED\nVQ1fYXV0aF91c2VyX2lkcQRLBlUPX3Nlc3Npb25fZXhwaXJ5cQVLAHUu\n	2011-09-22 13:49:56.866711+06
dd3917e9d1bf6d8dcd4911bab7d6d958	MGRmNTkxZTFkZjExMzI4NzMzOTJkM2JiOTQ5MzZmZmNmYzI5ZmMwNzqAAn1xAShVEl9hdXRoX3Vz\nZXJfYmFja2VuZHECVSlkamFuZ28uY29udHJpYi5hdXRoLmJhY2tlbmRzLk1vZGVsQmFja2VuZHED\nVQ1fYXV0aF91c2VyX2lkcQRLBlUPX3Nlc3Npb25fZXhwaXJ5cQVLAHUu\n	2011-09-11 21:51:18.824864+06
13e1e36c0fe6b8f9cfae0769d7764e1a	MzRkYTk5MTA5ZTM0NTYwNWNlMmUzZWJlMjU5YjE5YzVkZmVjMzNjMDqAAn1xAShVEl9hdXRoX3Vz\nZXJfYmFja2VuZHECVSlkamFuZ28uY29udHJpYi5hdXRoLmJhY2tlbmRzLk1vZGVsQmFja2VuZHED\nVQ1fYXV0aF91c2VyX2lkcQRLDVUPX3Nlc3Npb25fZXhwaXJ5cQVLAHUu\n	2012-02-17 10:54:13.893241+06
150b08c4514119db472290c7b4a120be	YjkzYTljOThmNzJjMjBkOWI3Nzk0ZjdiMGRkMzU2YzUxNTcwOWUyZjqAAn1xAShVEl9hdXRoX3Vz\nZXJfYmFja2VuZHECVSlkamFuZ28uY29udHJpYi5hdXRoLmJhY2tlbmRzLk1vZGVsQmFja2VuZHED\nVQ1fYXV0aF91c2VyX2lkcQRLAVUPX3Nlc3Npb25fZXhwaXJ5cQVLAHUu\n	2011-08-19 15:26:10.835203+06
894dad2632e349c6b34cdd23f6755d00	OWY4MzUxYzYxNDI0MDgyMTJiNGE4YWEwMmY0NzA0NDRkNzU1ZmY2ZTqAAn1xAShVEl9hdXRoX3Vz\nZXJfYmFja2VuZHECVSlkamFuZ28uY29udHJpYi5hdXRoLmJhY2tlbmRzLk1vZGVsQmFja2VuZHED\nVQ1fYXV0aF91c2VyX2lkcQRLDlUPX3Nlc3Npb25fZXhwaXJ5cQVLAHUu\n	2012-03-14 13:58:48.750498+06
c3bd71adacac17752ba206bd986f2b24	YTU2MGY2MTU2ZWFmN2M0ZDdmYjAxN2JmYWY4OTU4OGVlODk1NzIxNTqAAn1xAShVEl9hdXRoX3Vz\nZXJfYmFja2VuZHECVSlkamFuZ28uY29udHJpYi5hdXRoLmJhY2tlbmRzLk1vZGVsQmFja2VuZHED\nVQ1fYXV0aF91c2VyX2lkcQRLAlUPX3Nlc3Npb25fZXhwaXJ5cQVLAHUu\n	2011-11-07 11:21:42.628249+06
8481792abfee3f0e0e2af2ea53a1c247	OTlmNzdkNDZiMjlkOWUxMDdmM2Q1YjE0NTJkM2VhM2NiMmJhMjU3NTqAAn1xAShVEl9hdXRoX3Vz\nZXJfYmFja2VuZHECVSlkamFuZ28uY29udHJpYi5hdXRoLmJhY2tlbmRzLk1vZGVsQmFja2VuZHED\nVQ1fYXV0aF91c2VyX2lkcQRLBXUu\n	2012-03-19 18:07:32.573915+06
50a8453dffacc39180ef4d2e78bdf1b5	M2ExMTI3NjY3YTU1ZGIwZWFkY2E2MzViN2JkNjc0NDM5Zjk2MzczYTqAAn1xAVUKdGVzdGNvb2tp\nZXECVQZ3b3JrZWRxA3Mu\n	2011-08-23 18:28:10.233582+06
b22bb572a3b09b3105ab1785fb2ebdcf	M2ExMTI3NjY3YTU1ZGIwZWFkY2E2MzViN2JkNjc0NDM5Zjk2MzczYTqAAn1xAVUKdGVzdGNvb2tp\nZXECVQZ3b3JrZWRxA3Mu\n	2011-08-23 18:28:10.553582+06
94742c3edf68b941b2362145e02c25ca	MGRmNTkxZTFkZjExMzI4NzMzOTJkM2JiOTQ5MzZmZmNmYzI5ZmMwNzqAAn1xAShVEl9hdXRoX3Vz\nZXJfYmFja2VuZHECVSlkamFuZ28uY29udHJpYi5hdXRoLmJhY2tlbmRzLk1vZGVsQmFja2VuZHED\nVQ1fYXV0aF91c2VyX2lkcQRLBlUPX3Nlc3Npb25fZXhwaXJ5cQVLAHUu\n	2012-02-28 14:19:26.51715+06
875e098ab9f3343cddc63f9fa9c31dd9	N2MwMzc1ZWRhZTkwZmJkZDFkNWE0NzM2ZTFkNjQwZDFlZDMzNmIwNjqAAn1xAShVD19zZXNzaW9u\nX2V4cGlyeXECSwBVCnRlc3Rjb29raWVxA1UGd29ya2VkcQRVDV9hdXRoX3VzZXJfaWRxBUsNVRJf\nYXV0aF91c2VyX2JhY2tlbmRxBlUpZGphbmdvLmNvbnRyaWIuYXV0aC5iYWNrZW5kcy5Nb2RlbEJh\nY2tlbmRxB3Uu\n	2012-02-20 18:12:31.194444+06
d35335a513b745dc9941ea448d769f70	M2ExMTI3NjY3YTU1ZGIwZWFkY2E2MzViN2JkNjc0NDM5Zjk2MzczYTqAAn1xAVUKdGVzdGNvb2tp\nZXECVQZ3b3JrZWRxA3Mu\n	2011-09-17 16:51:11.304595+06
e98469aeeba5debb28993a0d1c7ef0de	OWY4MzUxYzYxNDI0MDgyMTJiNGE4YWEwMmY0NzA0NDRkNzU1ZmY2ZTqAAn1xAShVEl9hdXRoX3Vz\nZXJfYmFja2VuZHECVSlkamFuZ28uY29udHJpYi5hdXRoLmJhY2tlbmRzLk1vZGVsQmFja2VuZHED\nVQ1fYXV0aF91c2VyX2lkcQRLDlUPX3Nlc3Npb25fZXhwaXJ5cQVLAHUu\n	2012-04-03 15:05:29.018656+06
b8a8e5a8d6c3792a02ebefcdaa1579ec	ZGYzYWRhNGYzMzA4MDk2ZTk2NGM4YzU2ZTVmMGNiODNhM2M0NGI5YjqAAn1xAShVEl9hdXRoX3Vz\nZXJfYmFja2VuZHECVSlkamFuZ28uY29udHJpYi5hdXRoLmJhY2tlbmRzLk1vZGVsQmFja2VuZHED\nVQ1fYXV0aF91c2VyX2lkcQRLB1UPX3Nlc3Npb25fZXhwaXJ5cQVLAHUu\n	2011-12-23 11:26:54.663685+06
554482374c793aab6516170ff9bc052f	OWY4MzUxYzYxNDI0MDgyMTJiNGE4YWEwMmY0NzA0NDRkNzU1ZmY2ZTqAAn1xAShVEl9hdXRoX3Vz\nZXJfYmFja2VuZHECVSlkamFuZ28uY29udHJpYi5hdXRoLmJhY2tlbmRzLk1vZGVsQmFja2VuZHED\nVQ1fYXV0aF91c2VyX2lkcQRLDlUPX3Nlc3Npb25fZXhwaXJ5cQVLAHUu\n	2012-02-11 11:53:42.095271+06
d4fc0198d149bdf6ff6a38e29f4f0fa0	N2MwMzc1ZWRhZTkwZmJkZDFkNWE0NzM2ZTFkNjQwZDFlZDMzNmIwNjqAAn1xAShVD19zZXNzaW9u\nX2V4cGlyeXECSwBVCnRlc3Rjb29raWVxA1UGd29ya2VkcQRVDV9hdXRoX3VzZXJfaWRxBUsNVRJf\nYXV0aF91c2VyX2JhY2tlbmRxBlUpZGphbmdvLmNvbnRyaWIuYXV0aC5iYWNrZW5kcy5Nb2RlbEJh\nY2tlbmRxB3Uu\n	2012-02-06 13:41:11.455414+06
4e2bbb46bdcbba3ba207e9ffbf3023a2	YjkzYTljOThmNzJjMjBkOWI3Nzk0ZjdiMGRkMzU2YzUxNTcwOWUyZjqAAn1xAShVEl9hdXRoX3Vz\nZXJfYmFja2VuZHECVSlkamFuZ28uY29udHJpYi5hdXRoLmJhY2tlbmRzLk1vZGVsQmFja2VuZHED\nVQ1fYXV0aF91c2VyX2lkcQRLAVUPX3Nlc3Npb25fZXhwaXJ5cQVLAHUu\n	2011-08-18 00:19:02.863166+06
8118d8915a7eaa4f81ec87822f4d5557	YzMwOTYwNTYzMDMxNDkyYjI4YjA3ZjllOTUzNTIzNjM3OTJjODljMDqAAn1xAShVEl9hdXRoX3Vz\nZXJfYmFja2VuZHECVSlkamFuZ28uY29udHJpYi5hdXRoLmJhY2tlbmRzLk1vZGVsQmFja2VuZHED\nVQ1fYXV0aF91c2VyX2lkcQRLAnUu\n	2011-12-26 10:52:13.158493+06
390223c1977ad34e6cca4aecafbc520b	MzBiOWY5M2IxOWU0M2ZmYjk5N2ZjZWYxNDExZWE5ZTdkYmUyMGViOTqAAn1xAShVEl9hdXRoX3Vz\nZXJfYmFja2VuZHECVSlkamFuZ28uY29udHJpYi5hdXRoLmJhY2tlbmRzLk1vZGVsQmFja2VuZHED\nVQ1fYXV0aF91c2VyX2lkcQRLCFUPX3Nlc3Npb25fZXhwaXJ5cQVLAHUu\n	2012-02-09 13:20:59.404997+06
ed75d3d7e571d325866935c41a74dc15	ZGYzYWRhNGYzMzA4MDk2ZTk2NGM4YzU2ZTVmMGNiODNhM2M0NGI5YjqAAn1xAShVEl9hdXRoX3Vz\nZXJfYmFja2VuZHECVSlkamFuZ28uY29udHJpYi5hdXRoLmJhY2tlbmRzLk1vZGVsQmFja2VuZHED\nVQ1fYXV0aF91c2VyX2lkcQRLB1UPX3Nlc3Npb25fZXhwaXJ5cQVLAHUu\n	2011-12-29 12:48:35.685073+06
0b13c0689d42efa240fa21b9d322bef7	OWY4MzUxYzYxNDI0MDgyMTJiNGE4YWEwMmY0NzA0NDRkNzU1ZmY2ZTqAAn1xAShVEl9hdXRoX3Vz\nZXJfYmFja2VuZHECVSlkamFuZ28uY29udHJpYi5hdXRoLmJhY2tlbmRzLk1vZGVsQmFja2VuZHED\nVQ1fYXV0aF91c2VyX2lkcQRLDlUPX3Nlc3Npb25fZXhwaXJ5cQVLAHUu\n	2012-03-11 11:27:41.356098+06
0fbca2eea665f22f70e340b2725eecaa	M2ExMTI3NjY3YTU1ZGIwZWFkY2E2MzViN2JkNjc0NDM5Zjk2MzczYTqAAn1xAVUKdGVzdGNvb2tp\nZXECVQZ3b3JrZWRxA3Mu\n	2012-04-20 10:29:04.983893+06
c3ec4a1951e722731f9900ce60c7381e	OGMzOGFkMDEwNjRiOTdhN2NiYmVlNDE1ODQ5MWI5YTI3YzEwZDQ5ZDqAAn1xAShVD19zZXNzaW9u\nX2V4cGlyeXECSwBVDV9hdXRoX3VzZXJfaWRxA0sHVRJfYXV0aF91c2VyX2JhY2tlbmRxBFUpZGph\nbmdvLmNvbnRyaWIuYXV0aC5iYWNrZW5kcy5Nb2RlbEJhY2tlbmRxBXUu\n	2012-03-12 12:43:22.252612+06
787e1d26476f8f34a42c9b3d3963ee06	OGMzOGFkMDEwNjRiOTdhN2NiYmVlNDE1ODQ5MWI5YTI3YzEwZDQ5ZDqAAn1xAShVD19zZXNzaW9u\nX2V4cGlyeXECSwBVDV9hdXRoX3VzZXJfaWRxA0sHVRJfYXV0aF91c2VyX2JhY2tlbmRxBFUpZGph\nbmdvLmNvbnRyaWIuYXV0aC5iYWNrZW5kcy5Nb2RlbEJhY2tlbmRxBXUu\n	2012-02-14 17:59:24.634029+06
ac991c79bdb0fdf59505cd969884d6fb	OWY4MzUxYzYxNDI0MDgyMTJiNGE4YWEwMmY0NzA0NDRkNzU1ZmY2ZTqAAn1xAShVEl9hdXRoX3Vz\nZXJfYmFja2VuZHECVSlkamFuZ28uY29udHJpYi5hdXRoLmJhY2tlbmRzLk1vZGVsQmFja2VuZHED\nVQ1fYXV0aF91c2VyX2lkcQRLDlUPX3Nlc3Npb25fZXhwaXJ5cQVLAHUu\n	2012-03-12 16:06:48.768179+06
4053c72fedddde95508a738c20a5090e	M2ExMTI3NjY3YTU1ZGIwZWFkY2E2MzViN2JkNjc0NDM5Zjk2MzczYTqAAn1xAVUKdGVzdGNvb2tp\nZXECVQZ3b3JrZWRxA3Mu\n	2011-08-16 18:06:18.497705+06
3aa5157af27ed5d13c85115019a52e01	YTU2MGY2MTU2ZWFmN2M0ZDdmYjAxN2JmYWY4OTU4OGVlODk1NzIxNTqAAn1xAShVEl9hdXRoX3Vz\nZXJfYmFja2VuZHECVSlkamFuZ28uY29udHJpYi5hdXRoLmJhY2tlbmRzLk1vZGVsQmFja2VuZHED\nVQ1fYXV0aF91c2VyX2lkcQRLAlUPX3Nlc3Npb25fZXhwaXJ5cQVLAHUu\n	2012-04-24 15:35:14.675705+06
25b7f1736d28bcfda27d5672c42707a4	YjkzYTljOThmNzJjMjBkOWI3Nzk0ZjdiMGRkMzU2YzUxNTcwOWUyZjqAAn1xAShVEl9hdXRoX3Vz\nZXJfYmFja2VuZHECVSlkamFuZ28uY29udHJpYi5hdXRoLmJhY2tlbmRzLk1vZGVsQmFja2VuZHED\nVQ1fYXV0aF91c2VyX2lkcQRLAVUPX3Nlc3Npb25fZXhwaXJ5cQVLAHUu\n	2011-08-17 11:37:50.321292+06
84a53f79153ea44480d200be739183ed	YjkzYTljOThmNzJjMjBkOWI3Nzk0ZjdiMGRkMzU2YzUxNTcwOWUyZjqAAn1xAShVEl9hdXRoX3Vz\nZXJfYmFja2VuZHECVSlkamFuZ28uY29udHJpYi5hdXRoLmJhY2tlbmRzLk1vZGVsQmFja2VuZHED\nVQ1fYXV0aF91c2VyX2lkcQRLAVUPX3Nlc3Npb25fZXhwaXJ5cQVLAHUu\n	2011-08-18 10:51:42.424123+06
d716db56d50246296e396d40462360dc	YjkzYTljOThmNzJjMjBkOWI3Nzk0ZjdiMGRkMzU2YzUxNTcwOWUyZjqAAn1xAShVEl9hdXRoX3Vz\nZXJfYmFja2VuZHECVSlkamFuZ28uY29udHJpYi5hdXRoLmJhY2tlbmRzLk1vZGVsQmFja2VuZHED\nVQ1fYXV0aF91c2VyX2lkcQRLAVUPX3Nlc3Npb25fZXhwaXJ5cQVLAHUu\n	2011-08-17 15:11:55.697136+06
c7015262584d9faf75abb4efd3d604b7	YjkzYTljOThmNzJjMjBkOWI3Nzk0ZjdiMGRkMzU2YzUxNTcwOWUyZjqAAn1xAShVEl9hdXRoX3Vz\nZXJfYmFja2VuZHECVSlkamFuZ28uY29udHJpYi5hdXRoLmJhY2tlbmRzLk1vZGVsQmFja2VuZHED\nVQ1fYXV0aF91c2VyX2lkcQRLAVUPX3Nlc3Npb25fZXhwaXJ5cQVLAHUu\n	2011-11-07 10:37:02.6655+06
336ce44a2cca0e62a9ec13c4aa7187eb	YjkzYTljOThmNzJjMjBkOWI3Nzk0ZjdiMGRkMzU2YzUxNTcwOWUyZjqAAn1xAShVEl9hdXRoX3Vz\nZXJfYmFja2VuZHECVSlkamFuZ28uY29udHJpYi5hdXRoLmJhY2tlbmRzLk1vZGVsQmFja2VuZHED\nVQ1fYXV0aF91c2VyX2lkcQRLAVUPX3Nlc3Npb25fZXhwaXJ5cQVLAHUu\n	2011-08-18 12:45:49.576944+06
29d2a6c85165cc8f9c848c9335d6cc11	YjkzYTljOThmNzJjMjBkOWI3Nzk0ZjdiMGRkMzU2YzUxNTcwOWUyZjqAAn1xAShVEl9hdXRoX3Vz\nZXJfYmFja2VuZHECVSlkamFuZ28uY29udHJpYi5hdXRoLmJhY2tlbmRzLk1vZGVsQmFja2VuZHED\nVQ1fYXV0aF91c2VyX2lkcQRLAVUPX3Nlc3Npb25fZXhwaXJ5cQVLAHUu\n	2011-08-17 16:05:49.317619+06
618f5ee86d24366b0c421a7d723adcef	YjkzYTljOThmNzJjMjBkOWI3Nzk0ZjdiMGRkMzU2YzUxNTcwOWUyZjqAAn1xAShVEl9hdXRoX3Vz\nZXJfYmFja2VuZHECVSlkamFuZ28uY29udHJpYi5hdXRoLmJhY2tlbmRzLk1vZGVsQmFja2VuZHED\nVQ1fYXV0aF91c2VyX2lkcQRLAVUPX3Nlc3Npb25fZXhwaXJ5cQVLAHUu\n	2011-08-17 16:51:15.15861+06
5b02546d3d01a14cbeca0b8c101bdaa9	YjkzYTljOThmNzJjMjBkOWI3Nzk0ZjdiMGRkMzU2YzUxNTcwOWUyZjqAAn1xAShVEl9hdXRoX3Vz\nZXJfYmFja2VuZHECVSlkamFuZ28uY29udHJpYi5hdXRoLmJhY2tlbmRzLk1vZGVsQmFja2VuZHED\nVQ1fYXV0aF91c2VyX2lkcQRLAVUPX3Nlc3Npb25fZXhwaXJ5cQVLAHUu\n	2011-08-18 13:00:01.42581+06
51e75b509c685335e905f3bbac05c366	ZmE2NWNlODRiMGE5MmFhZDBlMjJlYmNkZjg5Y2Q3NGM5MGM2ZjEzMDqAAn1xAShVEl9hdXRoX3Vz\nZXJfYmFja2VuZHECVSlkamFuZ28uY29udHJpYi5hdXRoLmJhY2tlbmRzLk1vZGVsQmFja2VuZHED\nVQ1fYXV0aF91c2VyX2lkcQRLBVUPX3Nlc3Npb25fZXhwaXJ5cQVLAHUu\n	2011-08-19 17:26:06.923198+06
c5c4d3b4301960be6bddd46c7c4d82b4	YjkzYTljOThmNzJjMjBkOWI3Nzk0ZjdiMGRkMzU2YzUxNTcwOWUyZjqAAn1xAShVEl9hdXRoX3Vz\nZXJfYmFja2VuZHECVSlkamFuZ28uY29udHJpYi5hdXRoLmJhY2tlbmRzLk1vZGVsQmFja2VuZHED\nVQ1fYXV0aF91c2VyX2lkcQRLAVUPX3Nlc3Npb25fZXhwaXJ5cQVLAHUu\n	2011-08-18 13:17:44.129624+06
e5ff40703d262648a3dcca54d7ad307b	YjkzYTljOThmNzJjMjBkOWI3Nzk0ZjdiMGRkMzU2YzUxNTcwOWUyZjqAAn1xAShVEl9hdXRoX3Vz\nZXJfYmFja2VuZHECVSlkamFuZ28uY29udHJpYi5hdXRoLmJhY2tlbmRzLk1vZGVsQmFja2VuZHED\nVQ1fYXV0aF91c2VyX2lkcQRLAVUPX3Nlc3Npb25fZXhwaXJ5cQVLAHUu\n	2011-08-18 16:51:16.269183+06
3ae0de79d2a159fcfb76c419f35276c8	YTU2MGY2MTU2ZWFmN2M0ZDdmYjAxN2JmYWY4OTU4OGVlODk1NzIxNTqAAn1xAShVEl9hdXRoX3Vz\nZXJfYmFja2VuZHECVSlkamFuZ28uY29udHJpYi5hdXRoLmJhY2tlbmRzLk1vZGVsQmFja2VuZHED\nVQ1fYXV0aF91c2VyX2lkcQRLAlUPX3Nlc3Npb25fZXhwaXJ5cQVLAHUu\n	2012-02-10 16:37:16.300687+06
ee4e0e71d71d15e4107cbfc6c234e374	MGRmNTkxZTFkZjExMzI4NzMzOTJkM2JiOTQ5MzZmZmNmYzI5ZmMwNzqAAn1xAShVEl9hdXRoX3Vz\nZXJfYmFja2VuZHECVSlkamFuZ28uY29udHJpYi5hdXRoLmJhY2tlbmRzLk1vZGVsQmFja2VuZHED\nVQ1fYXV0aF91c2VyX2lkcQRLBlUPX3Nlc3Npb25fZXhwaXJ5cQVLAHUu\n	2011-08-25 15:39:24.645809+06
7588326a19c0c3cce3aecfc9e7c72297	YjkzYTljOThmNzJjMjBkOWI3Nzk0ZjdiMGRkMzU2YzUxNTcwOWUyZjqAAn1xAShVEl9hdXRoX3Vz\nZXJfYmFja2VuZHECVSlkamFuZ28uY29udHJpYi5hdXRoLmJhY2tlbmRzLk1vZGVsQmFja2VuZHED\nVQ1fYXV0aF91c2VyX2lkcQRLAVUPX3Nlc3Npb25fZXhwaXJ5cQVLAHUu\n	2011-11-09 20:32:19.922155+06
57c5de4743c02a7de6bfb08b60e8d51c	YTU2MGY2MTU2ZWFmN2M0ZDdmYjAxN2JmYWY4OTU4OGVlODk1NzIxNTqAAn1xAShVEl9hdXRoX3Vz\nZXJfYmFja2VuZHECVSlkamFuZ28uY29udHJpYi5hdXRoLmJhY2tlbmRzLk1vZGVsQmFja2VuZHED\nVQ1fYXV0aF91c2VyX2lkcQRLAlUPX3Nlc3Npb25fZXhwaXJ5cQVLAHUu\n	2012-03-11 12:11:11.216438+06
c3250a888c1471157fdd732bcaaeb69d	M2ExMTI3NjY3YTU1ZGIwZWFkY2E2MzViN2JkNjc0NDM5Zjk2MzczYTqAAn1xAVUKdGVzdGNvb2tp\nZXECVQZ3b3JrZWRxA3Mu\n	2011-08-25 16:02:47.581777+06
4312941f5a2ded494f0f758af364e48b	MDhmZjE0MTYyMGRjY2NlNTZiYTkyNWRjMWNjYzM5YWI3NzgwZDU3ZTqAAn1xAShVD19zZXNzaW9u\nX2V4cGlyeXECSwBVCnRlc3Rjb29raWVxA1UGd29ya2VkcQRVDV9hdXRoX3VzZXJfaWRxBUsOVRJf\nYXV0aF91c2VyX2JhY2tlbmRxBlUpZGphbmdvLmNvbnRyaWIuYXV0aC5iYWNrZW5kcy5Nb2RlbEJh\nY2tlbmRxB3Uu\n	2012-02-24 16:05:46.504929+06
a2b526dfd9235706f36e237dde39e741	ZmE2NWNlODRiMGE5MmFhZDBlMjJlYmNkZjg5Y2Q3NGM5MGM2ZjEzMDqAAn1xAShVEl9hdXRoX3Vz\nZXJfYmFja2VuZHECVSlkamFuZ28uY29udHJpYi5hdXRoLmJhY2tlbmRzLk1vZGVsQmFja2VuZHED\nVQ1fYXV0aF91c2VyX2lkcQRLBVUPX3Nlc3Npb25fZXhwaXJ5cQVLAHUu\n	2011-10-25 15:22:01.680888+06
4106de4445da376d5fcbd14c3bd6ae0a	MGRmNTkxZTFkZjExMzI4NzMzOTJkM2JiOTQ5MzZmZmNmYzI5ZmMwNzqAAn1xAShVEl9hdXRoX3Vz\nZXJfYmFja2VuZHECVSlkamFuZ28uY29udHJpYi5hdXRoLmJhY2tlbmRzLk1vZGVsQmFja2VuZHED\nVQ1fYXV0aF91c2VyX2lkcQRLBlUPX3Nlc3Npb25fZXhwaXJ5cQVLAHUu\n	2011-08-28 23:19:39.536943+06
fe3f1395078acde3b662bfcda146c714	MGRmNTkxZTFkZjExMzI4NzMzOTJkM2JiOTQ5MzZmZmNmYzI5ZmMwNzqAAn1xAShVEl9hdXRoX3Vz\nZXJfYmFja2VuZHECVSlkamFuZ28uY29udHJpYi5hdXRoLmJhY2tlbmRzLk1vZGVsQmFja2VuZHED\nVQ1fYXV0aF91c2VyX2lkcQRLBlUPX3Nlc3Npb25fZXhwaXJ5cQVLAHUu\n	2012-03-11 22:19:38.748185+06
6a06a2605f1583b854bf8ff0476cc8ff	M2FkNThjYmEwNTFlNGY2OWQyODU4YTNkMzg2MWU5MzJiMGI3ODYyNjqAAn1xAShVEl9hdXRoX3Vz\nZXJfYmFja2VuZHECVSlkamFuZ28uY29udHJpYi5hdXRoLmJhY2tlbmRzLk1vZGVsQmFja2VuZHED\nVQ1fYXV0aF91c2VyX2lkcQRLCHUu\n	2012-02-11 16:07:44.556509+06
97958cf6f69e6ef448c1c920c8ca5e03	ZGUxY2Q0OWI4OWY4ZWY5ZGU3ZDdlZTY3NmViMTViOWQ1M2YzNjNhYzqAAn1xAShVEl9hdXRoX3Vz\nZXJfYmFja2VuZHECVSlkamFuZ28uY29udHJpYi5hdXRoLmJhY2tlbmRzLk1vZGVsQmFja2VuZHED\nVQ1fYXV0aF91c2VyX2lkcQRLBFUPX3Nlc3Npb25fZXhwaXJ5cQVLAHUu\n	2012-03-02 13:00:55.333218+06
a16c2e24fbf5bf4cf1512ac3884451a1	MGRmNTkxZTFkZjExMzI4NzMzOTJkM2JiOTQ5MzZmZmNmYzI5ZmMwNzqAAn1xAShVEl9hdXRoX3Vz\nZXJfYmFja2VuZHECVSlkamFuZ28uY29udHJpYi5hdXRoLmJhY2tlbmRzLk1vZGVsQmFja2VuZHED\nVQ1fYXV0aF91c2VyX2lkcQRLBlUPX3Nlc3Npb25fZXhwaXJ5cQVLAHUu\n	2011-09-04 21:04:58.828355+06
8de2c2ea81d455ef2262c5713832e731	ODliZWQxMTZlYmQ4MWM3OWE0M2U5YTk2Nzc2MDA3MTJkNDFmN2E2MDqAAn1xAShVEl9hdXRoX3Vz\nZXJfYmFja2VuZHECVSlkamFuZ28uY29udHJpYi5hdXRoLmJhY2tlbmRzLk1vZGVsQmFja2VuZHED\nVQp0ZXN0Y29va2llcQRVBndvcmtlZHEFVQ1fYXV0aF91c2VyX2lkcQZLBVUPX3Nlc3Npb25fZXhw\naXJ5cQdLAHUu\n	2011-08-22 18:28:03.399718+06
1da15df7a2abed7e63cccac9db5e56ff	OWM1ZWI2NjJlNTZkNmMwMmI3N2Q1MTkzYWMzZWYxNzc2ZmRmN2M0ZjqAAn1xAShVD19zZXNzaW9u\nX2V4cGlyeXECSwBVEl9hdXRoX3VzZXJfYmFja2VuZHEDVSlkamFuZ28uY29udHJpYi5hdXRoLmJh\nY2tlbmRzLk1vZGVsQmFja2VuZHEEVQ1fYXV0aF91c2VyX2lkcQVLCHUu\n	2011-12-14 11:16:37.208459+06
4626d5fef407f74bc313b27ac7cab8b3	M2ExMTI3NjY3YTU1ZGIwZWFkY2E2MzViN2JkNjc0NDM5Zjk2MzczYTqAAn1xAVUKdGVzdGNvb2tp\nZXECVQZ3b3JrZWRxA3Mu\n	2012-02-04 00:01:47.395077+06
1131ebec83233da417d4680c0536c61a	MGRmNTkxZTFkZjExMzI4NzMzOTJkM2JiOTQ5MzZmZmNmYzI5ZmMwNzqAAn1xAShVEl9hdXRoX3Vz\nZXJfYmFja2VuZHECVSlkamFuZ28uY29udHJpYi5hdXRoLmJhY2tlbmRzLk1vZGVsQmFja2VuZHED\nVQ1fYXV0aF91c2VyX2lkcQRLBlUPX3Nlc3Npb25fZXhwaXJ5cQVLAHUu\n	2012-04-19 11:08:39.104915+06
976145b7b1fe3b45cb61e5aed0388e1b	MGRmNTkxZTFkZjExMzI4NzMzOTJkM2JiOTQ5MzZmZmNmYzI5ZmMwNzqAAn1xAShVEl9hdXRoX3Vz\nZXJfYmFja2VuZHECVSlkamFuZ28uY29udHJpYi5hdXRoLmJhY2tlbmRzLk1vZGVsQmFja2VuZHED\nVQ1fYXV0aF91c2VyX2lkcQRLBlUPX3Nlc3Npb25fZXhwaXJ5cQVLAHUu\n	2011-08-27 22:24:31.347911+06
7f5794bba0d1198de6b94d46c72c0279	MzRkYTk5MTA5ZTM0NTYwNWNlMmUzZWJlMjU5YjE5YzVkZmVjMzNjMDqAAn1xAShVEl9hdXRoX3Vz\nZXJfYmFja2VuZHECVSlkamFuZ28uY29udHJpYi5hdXRoLmJhY2tlbmRzLk1vZGVsQmFja2VuZHED\nVQ1fYXV0aF91c2VyX2lkcQRLDVUPX3Nlc3Npb25fZXhwaXJ5cQVLAHUu\n	2012-02-06 13:49:15.809518+06
5550bfd8b011150ee14071227a8d73b5	NjUwNmI0YTkxZjQxNTU0N2IyMWVjYWQ4NTMxMjMxZWRlNzUwMjNkYjqAAn1xAShVEl9hdXRoX3Vz\nZXJfYmFja2VuZHECVSlkamFuZ28uY29udHJpYi5hdXRoLmJhY2tlbmRzLk1vZGVsQmFja2VuZHED\nVQ1fYXV0aF91c2VyX2lkcQRLDFUPX3Nlc3Npb25fZXhwaXJ5cQVLAHUu\n	2012-02-15 17:59:22.528922+06
f3323c0931a90e1e348aedb299010f3f	NjM1MjU1OGJmZGY4Y2IxYzRjZWYyNmM4NzAyM2FjZGE0ZDQyZDdjOTqAAn1xAShVEl9hdXRoX3Vz\nZXJfYmFja2VuZHECVSlkamFuZ28uY29udHJpYi5hdXRoLmJhY2tlbmRzLk1vZGVsQmFja2VuZHED\nVQ1fYXV0aF91c2VyX2lkcQRLA1UPX3Nlc3Npb25fZXhwaXJ5cQVLAHUu\n	2011-12-23 18:45:06.520643+06
56d2ebb6719ab296f0413f6d656f2ce3	YTU2MGY2MTU2ZWFmN2M0ZDdmYjAxN2JmYWY4OTU4OGVlODk1NzIxNTqAAn1xAShVEl9hdXRoX3Vz\nZXJfYmFja2VuZHECVSlkamFuZ28uY29udHJpYi5hdXRoLmJhY2tlbmRzLk1vZGVsQmFja2VuZHED\nVQ1fYXV0aF91c2VyX2lkcQRLAlUPX3Nlc3Npb25fZXhwaXJ5cQVLAHUu\n	2011-08-29 10:44:45.495447+06
b1842e40b00c720fd5f9dda1600c86f3	OWY4MzUxYzYxNDI0MDgyMTJiNGE4YWEwMmY0NzA0NDRkNzU1ZmY2ZTqAAn1xAShVEl9hdXRoX3Vz\nZXJfYmFja2VuZHECVSlkamFuZ28uY29udHJpYi5hdXRoLmJhY2tlbmRzLk1vZGVsQmFja2VuZHED\nVQ1fYXV0aF91c2VyX2lkcQRLDlUPX3Nlc3Npb25fZXhwaXJ5cQVLAHUu\n	2012-02-27 10:36:53.375791+06
62e1152ac31bd8c2c9ed018c3db6bbfc	MGRmNTkxZTFkZjExMzI4NzMzOTJkM2JiOTQ5MzZmZmNmYzI5ZmMwNzqAAn1xAShVEl9hdXRoX3Vz\nZXJfYmFja2VuZHECVSlkamFuZ28uY29udHJpYi5hdXRoLmJhY2tlbmRzLk1vZGVsQmFja2VuZHED\nVQ1fYXV0aF91c2VyX2lkcQRLBlUPX3Nlc3Npb25fZXhwaXJ5cQVLAHUu\n	2011-08-31 13:30:19.486362+06
a38d55d6bd2b21f519d5d928426b89f3	ZGUxY2Q0OWI4OWY4ZWY5ZGU3ZDdlZTY3NmViMTViOWQ1M2YzNjNhYzqAAn1xAShVEl9hdXRoX3Vz\nZXJfYmFja2VuZHECVSlkamFuZ28uY29udHJpYi5hdXRoLmJhY2tlbmRzLk1vZGVsQmFja2VuZHED\nVQ1fYXV0aF91c2VyX2lkcQRLBFUPX3Nlc3Npb25fZXhwaXJ5cQVLAHUu\n	2011-12-24 13:54:25.021835+06
cc7174e84a07ef2a57e5921d3b0fcb8f	MGRmNTkxZTFkZjExMzI4NzMzOTJkM2JiOTQ5MzZmZmNmYzI5ZmMwNzqAAn1xAShVEl9hdXRoX3Vz\nZXJfYmFja2VuZHECVSlkamFuZ28uY29udHJpYi5hdXRoLmJhY2tlbmRzLk1vZGVsQmFja2VuZHED\nVQ1fYXV0aF91c2VyX2lkcQRLBlUPX3Nlc3Npb25fZXhwaXJ5cQVLAHUu\n	2011-09-01 00:47:56.069751+06
81bd5e7e9616d8ddc3dd2fc36906fd60	N2MwMzc1ZWRhZTkwZmJkZDFkNWE0NzM2ZTFkNjQwZDFlZDMzNmIwNjqAAn1xAShVD19zZXNzaW9u\nX2V4cGlyeXECSwBVCnRlc3Rjb29raWVxA1UGd29ya2VkcQRVDV9hdXRoX3VzZXJfaWRxBUsNVRJf\nYXV0aF91c2VyX2JhY2tlbmRxBlUpZGphbmdvLmNvbnRyaWIuYXV0aC5iYWNrZW5kcy5Nb2RlbEJh\nY2tlbmRxB3Uu\n	2012-02-21 13:32:50.559617+06
21045088e853d8e257f519076abd5379	NjM1MjU1OGJmZGY4Y2IxYzRjZWYyNmM4NzAyM2FjZGE0ZDQyZDdjOTqAAn1xAShVEl9hdXRoX3Vz\nZXJfYmFja2VuZHECVSlkamFuZ28uY29udHJpYi5hdXRoLmJhY2tlbmRzLk1vZGVsQmFja2VuZHED\nVQ1fYXV0aF91c2VyX2lkcQRLA1UPX3Nlc3Npb25fZXhwaXJ5cQVLAHUu\n	2011-09-06 10:06:18.187333+06
d70e773de59bb5415f28f7eb5baab3d3	M2ExMTI3NjY3YTU1ZGIwZWFkY2E2MzViN2JkNjc0NDM5Zjk2MzczYTqAAn1xAVUKdGVzdGNvb2tp\nZXECVQZ3b3JrZWRxA3Mu\n	2012-04-21 11:42:08.372793+06
834e168de40a5096174645b07fe60ced	NjM1MjU1OGJmZGY4Y2IxYzRjZWYyNmM4NzAyM2FjZGE0ZDQyZDdjOTqAAn1xAShVEl9hdXRoX3Vz\nZXJfYmFja2VuZHECVSlkamFuZ28uY29udHJpYi5hdXRoLmJhY2tlbmRzLk1vZGVsQmFja2VuZHED\nVQ1fYXV0aF91c2VyX2lkcQRLA1UPX3Nlc3Npb25fZXhwaXJ5cQVLAHUu\n	2012-01-04 11:58:15.345096+06
5741bdd8478514c3bbbb16cc8681a7c2	M2FkNThjYmEwNTFlNGY2OWQyODU4YTNkMzg2MWU5MzJiMGI3ODYyNjqAAn1xAShVEl9hdXRoX3Vz\nZXJfYmFja2VuZHECVSlkamFuZ28uY29udHJpYi5hdXRoLmJhY2tlbmRzLk1vZGVsQmFja2VuZHED\nVQ1fYXV0aF91c2VyX2lkcQRLCHUu\n	2012-03-20 17:28:38.258516+06
7653538db19387b3e2e57b837e5379c0	ZDhhNzZhYWFkMGJmNDAzZGQ1YzNmYzg5MmVhNGFmYjI4ZmNjMjU5NzqAAn1xAShVEl9hdXRoX3Vz\nZXJfYmFja2VuZHECVSlkamFuZ28uY29udHJpYi5hdXRoLmJhY2tlbmRzLk1vZGVsQmFja2VuZHED\nVQ1fYXV0aF91c2VyX2lkcQRLC1UPX3Nlc3Npb25fZXhwaXJ5cQVLAHUu\n	2012-02-28 18:50:22.901841+06
7c59ec18d8c6fc5f0121a11a96410467	ZGUxY2Q0OWI4OWY4ZWY5ZGU3ZDdlZTY3NmViMTViOWQ1M2YzNjNhYzqAAn1xAShVEl9hdXRoX3Vz\nZXJfYmFja2VuZHECVSlkamFuZ28uY29udHJpYi5hdXRoLmJhY2tlbmRzLk1vZGVsQmFja2VuZHED\nVQ1fYXV0aF91c2VyX2lkcQRLBFUPX3Nlc3Npb25fZXhwaXJ5cQVLAHUu\n	2012-02-18 16:08:36.885025+06
d566eb453a8fc9de6e61a94eeb269d81	OWM1ZWI2NjJlNTZkNmMwMmI3N2Q1MTkzYWMzZWYxNzc2ZmRmN2M0ZjqAAn1xAShVD19zZXNzaW9u\nX2V4cGlyeXECSwBVEl9hdXRoX3VzZXJfYmFja2VuZHEDVSlkamFuZ28uY29udHJpYi5hdXRoLmJh\nY2tlbmRzLk1vZGVsQmFja2VuZHEEVQ1fYXV0aF91c2VyX2lkcQVLCHUu\n	2012-02-01 11:16:28.117287+06
364fca7e2dde63681fed4ff4386da03a	NmNlNzIzZjRhZTk3MDRjNTBjN2E1YmFkM2E0ZDFmMzQzZjU4N2UyNDqAAn1xAShVEl9hdXRoX3Vz\nZXJfYmFja2VuZHECVSlkamFuZ28uY29udHJpYi5hdXRoLmJhY2tlbmRzLk1vZGVsQmFja2VuZHED\nVQ1fYXV0aF91c2VyX2lkcQRLAXUu\n	2011-11-07 11:36:24.033045+06
721e2bb1a609d45e2011c26f1e230146	OWY4MzUxYzYxNDI0MDgyMTJiNGE4YWEwMmY0NzA0NDRkNzU1ZmY2ZTqAAn1xAShVEl9hdXRoX3Vz\nZXJfYmFja2VuZHECVSlkamFuZ28uY29udHJpYi5hdXRoLmJhY2tlbmRzLk1vZGVsQmFja2VuZHED\nVQ1fYXV0aF91c2VyX2lkcQRLDlUPX3Nlc3Npb25fZXhwaXJ5cQVLAHUu\n	2012-03-21 13:00:05.684311+06
e2d9040d2d7f6755fa70bc78c3c6bdb6	ZGUxY2Q0OWI4OWY4ZWY5ZGU3ZDdlZTY3NmViMTViOWQ1M2YzNjNhYzqAAn1xAShVEl9hdXRoX3Vz\nZXJfYmFja2VuZHECVSlkamFuZ28uY29udHJpYi5hdXRoLmJhY2tlbmRzLk1vZGVsQmFja2VuZHED\nVQ1fYXV0aF91c2VyX2lkcQRLBFUPX3Nlc3Npb25fZXhwaXJ5cQVLAHUu\n	2012-03-05 11:36:41.207302+06
e0f4f7d7242f645a9d71a8531b5a54bd	NmNlNzIzZjRhZTk3MDRjNTBjN2E1YmFkM2E0ZDFmMzQzZjU4N2UyNDqAAn1xAShVEl9hdXRoX3Vz\nZXJfYmFja2VuZHECVSlkamFuZ28uY29udHJpYi5hdXRoLmJhY2tlbmRzLk1vZGVsQmFja2VuZHED\nVQ1fYXV0aF91c2VyX2lkcQRLAXUu\n	2011-09-13 12:38:45.743342+06
6bc14afadeba1d0ef8472441fbc02260	ZmE2NWNlODRiMGE5MmFhZDBlMjJlYmNkZjg5Y2Q3NGM5MGM2ZjEzMDqAAn1xAShVEl9hdXRoX3Vz\nZXJfYmFja2VuZHECVSlkamFuZ28uY29udHJpYi5hdXRoLmJhY2tlbmRzLk1vZGVsQmFja2VuZHED\nVQ1fYXV0aF91c2VyX2lkcQRLBVUPX3Nlc3Npb25fZXhwaXJ5cQVLAHUu\n	2012-04-18 13:24:55.390998+06
20d977cef36e56fb8dd8cbd62f54a232	OWY4MzUxYzYxNDI0MDgyMTJiNGE4YWEwMmY0NzA0NDRkNzU1ZmY2ZTqAAn1xAShVEl9hdXRoX3Vz\nZXJfYmFja2VuZHECVSlkamFuZ28uY29udHJpYi5hdXRoLmJhY2tlbmRzLk1vZGVsQmFja2VuZHED\nVQ1fYXV0aF91c2VyX2lkcQRLDlUPX3Nlc3Npb25fZXhwaXJ5cQVLAHUu\n	2012-03-15 15:03:31.337149+06
ac15227ae28740262c593728c201440e	YTU2MGY2MTU2ZWFmN2M0ZDdmYjAxN2JmYWY4OTU4OGVlODk1NzIxNTqAAn1xAShVEl9hdXRoX3Vz\nZXJfYmFja2VuZHECVSlkamFuZ28uY29udHJpYi5hdXRoLmJhY2tlbmRzLk1vZGVsQmFja2VuZHED\nVQ1fYXV0aF91c2VyX2lkcQRLAlUPX3Nlc3Npb25fZXhwaXJ5cQVLAHUu\n	2012-04-01 13:23:08.290215+06
5428f0112a662a57b151d2a28f2f1f2d	Y2Q2Y2QwYTc5OGEyYzZlZjg5YjllNjY3NjhlZTRhM2QxNzAzNjczZDqAAn1xAShVD19zZXNzaW9u\nX2V4cGlyeXECSwBVDV9hdXRoX3VzZXJfaWRxA0sCVRJfYXV0aF91c2VyX2JhY2tlbmRxBFUpZGph\nbmdvLmNvbnRyaWIuYXV0aC5iYWNrZW5kcy5Nb2RlbEJhY2tlbmRxBXUu\n	2012-03-28 12:36:32.382091+06
ffb8cba76f9c4798e785b4bdcee1866e	OWY4MzUxYzYxNDI0MDgyMTJiNGE4YWEwMmY0NzA0NDRkNzU1ZmY2ZTqAAn1xAShVEl9hdXRoX3Vz\nZXJfYmFja2VuZHECVSlkamFuZ28uY29udHJpYi5hdXRoLmJhY2tlbmRzLk1vZGVsQmFja2VuZHED\nVQ1fYXV0aF91c2VyX2lkcQRLDlUPX3Nlc3Npb25fZXhwaXJ5cQVLAHUu\n	2012-03-19 12:34:44.038287+06
4557105439e2fb33cf24b316d1435cd2	ZGUxY2Q0OWI4OWY4ZWY5ZGU3ZDdlZTY3NmViMTViOWQ1M2YzNjNhYzqAAn1xAShVEl9hdXRoX3Vz\nZXJfYmFja2VuZHECVSlkamFuZ28uY29udHJpYi5hdXRoLmJhY2tlbmRzLk1vZGVsQmFja2VuZHED\nVQ1fYXV0aF91c2VyX2lkcQRLBFUPX3Nlc3Npb25fZXhwaXJ5cQVLAHUu\n	2012-03-19 14:35:18.174821+06
ba91f3554a43942140fd539e1e7d9385	YjkzYTljOThmNzJjMjBkOWI3Nzk0ZjdiMGRkMzU2YzUxNTcwOWUyZjqAAn1xAShVEl9hdXRoX3Vz\nZXJfYmFja2VuZHECVSlkamFuZ28uY29udHJpYi5hdXRoLmJhY2tlbmRzLk1vZGVsQmFja2VuZHED\nVQ1fYXV0aF91c2VyX2lkcQRLAVUPX3Nlc3Npb25fZXhwaXJ5cQVLAHUu\n	2011-11-07 10:14:53.694679+06
d6b319d257c09506001dfa1ce0a437c1	OWY4MzUxYzYxNDI0MDgyMTJiNGE4YWEwMmY0NzA0NDRkNzU1ZmY2ZTqAAn1xAShVEl9hdXRoX3Vz\nZXJfYmFja2VuZHECVSlkamFuZ28uY29udHJpYi5hdXRoLmJhY2tlbmRzLk1vZGVsQmFja2VuZHED\nVQ1fYXV0aF91c2VyX2lkcQRLDlUPX3Nlc3Npb25fZXhwaXJ5cQVLAHUu\n	2012-03-02 12:37:33.940421+06
0bc457d0a2b801b8293f57077a1d7f9b	YTU2MGY2MTU2ZWFmN2M0ZDdmYjAxN2JmYWY4OTU4OGVlODk1NzIxNTqAAn1xAShVEl9hdXRoX3Vz\nZXJfYmFja2VuZHECVSlkamFuZ28uY29udHJpYi5hdXRoLmJhY2tlbmRzLk1vZGVsQmFja2VuZHED\nVQ1fYXV0aF91c2VyX2lkcQRLAlUPX3Nlc3Npb25fZXhwaXJ5cQVLAHUu\n	2011-09-06 18:53:50.045497+06
6ef34183a6e2d23a0162b9999a3a6912	YTU2MGY2MTU2ZWFmN2M0ZDdmYjAxN2JmYWY4OTU4OGVlODk1NzIxNTqAAn1xAShVEl9hdXRoX3Vz\nZXJfYmFja2VuZHECVSlkamFuZ28uY29udHJpYi5hdXRoLmJhY2tlbmRzLk1vZGVsQmFja2VuZHED\nVQ1fYXV0aF91c2VyX2lkcQRLAlUPX3Nlc3Npb25fZXhwaXJ5cQVLAHUu\n	2012-03-20 18:49:04.178996+06
0f2c57f3eba4ad7691e43c00a3c36406	M2ExMTI3NjY3YTU1ZGIwZWFkY2E2MzViN2JkNjc0NDM5Zjk2MzczYTqAAn1xAVUKdGVzdGNvb2tp\nZXECVQZ3b3JrZWRxA3Mu\n	2011-11-07 11:46:05.555793+06
8abf6bf4bccdcb5a230e6176a66c9954	M2ExMTI3NjY3YTU1ZGIwZWFkY2E2MzViN2JkNjc0NDM5Zjk2MzczYTqAAn1xAVUKdGVzdGNvb2tp\nZXECVQZ3b3JrZWRxA3Mu\n	2011-09-12 12:00:58.584669+06
4f31fe2b93514837e58629b25ebfc616	ZGYzYWRhNGYzMzA4MDk2ZTk2NGM4YzU2ZTVmMGNiODNhM2M0NGI5YjqAAn1xAShVEl9hdXRoX3Vz\nZXJfYmFja2VuZHECVSlkamFuZ28uY29udHJpYi5hdXRoLmJhY2tlbmRzLk1vZGVsQmFja2VuZHED\nVQ1fYXV0aF91c2VyX2lkcQRLB1UPX3Nlc3Npb25fZXhwaXJ5cQVLAHUu\n	2012-01-26 18:13:07.177759+06
4824e03cbc1db68dd7fcc41719a40b7b	MGRmNTkxZTFkZjExMzI4NzMzOTJkM2JiOTQ5MzZmZmNmYzI5ZmMwNzqAAn1xAShVEl9hdXRoX3Vz\nZXJfYmFja2VuZHECVSlkamFuZ28uY29udHJpYi5hdXRoLmJhY2tlbmRzLk1vZGVsQmFja2VuZHED\nVQ1fYXV0aF91c2VyX2lkcQRLBlUPX3Nlc3Npb25fZXhwaXJ5cQVLAHUu\n	2011-11-16 15:39:39.952443+06
7ddf00f6bea63088059bff3e3274a0b3	M2ExMTI3NjY3YTU1ZGIwZWFkY2E2MzViN2JkNjc0NDM5Zjk2MzczYTqAAn1xAVUKdGVzdGNvb2tp\nZXECVQZ3b3JrZWRxA3Mu\n	2012-01-12 10:34:48.052398+06
2bd1a258dfce66a745fb9c7228f34a22	OWY4MzUxYzYxNDI0MDgyMTJiNGE4YWEwMmY0NzA0NDRkNzU1ZmY2ZTqAAn1xAShVEl9hdXRoX3Vz\nZXJfYmFja2VuZHECVSlkamFuZ28uY29udHJpYi5hdXRoLmJhY2tlbmRzLk1vZGVsQmFja2VuZHED\nVQ1fYXV0aF91c2VyX2lkcQRLDlUPX3Nlc3Npb25fZXhwaXJ5cQVLAHUu\n	2012-02-09 11:09:44.017104+06
fd0432bc071d6cc2422fe8a9e4da7663	MGRmNTkxZTFkZjExMzI4NzMzOTJkM2JiOTQ5MzZmZmNmYzI5ZmMwNzqAAn1xAShVEl9hdXRoX3Vz\nZXJfYmFja2VuZHECVSlkamFuZ28uY29udHJpYi5hdXRoLmJhY2tlbmRzLk1vZGVsQmFja2VuZHED\nVQ1fYXV0aF91c2VyX2lkcQRLBlUPX3Nlc3Npb25fZXhwaXJ5cQVLAHUu\n	2012-02-17 18:27:22.817636+06
0c258ee64263b71ccdc7c0fe194a8440	NjM1MjU1OGJmZGY4Y2IxYzRjZWYyNmM4NzAyM2FjZGE0ZDQyZDdjOTqAAn1xAShVEl9hdXRoX3Vz\nZXJfYmFja2VuZHECVSlkamFuZ28uY29udHJpYi5hdXRoLmJhY2tlbmRzLk1vZGVsQmFja2VuZHED\nVQ1fYXV0aF91c2VyX2lkcQRLA1UPX3Nlc3Npb25fZXhwaXJ5cQVLAHUu\n	2012-02-03 15:33:53.911738+06
aecdbe30b7322fffe855ac4d235349cf	M2ExMTI3NjY3YTU1ZGIwZWFkY2E2MzViN2JkNjc0NDM5Zjk2MzczYTqAAn1xAVUKdGVzdGNvb2tp\nZXECVQZ3b3JrZWRxA3Mu\n	2011-12-01 15:51:38.658124+06
bb4bd859436b29456683ca0b17bc2364	ZGUxY2Q0OWI4OWY4ZWY5ZGU3ZDdlZTY3NmViMTViOWQ1M2YzNjNhYzqAAn1xAShVEl9hdXRoX3Vz\nZXJfYmFja2VuZHECVSlkamFuZ28uY29udHJpYi5hdXRoLmJhY2tlbmRzLk1vZGVsQmFja2VuZHED\nVQ1fYXV0aF91c2VyX2lkcQRLBFUPX3Nlc3Npb25fZXhwaXJ5cQVLAHUu\n	2012-03-31 16:07:46.192797+06
648a1d2771f4ff1dffb11ba0886e71ed	M2ExMTI3NjY3YTU1ZGIwZWFkY2E2MzViN2JkNjc0NDM5Zjk2MzczYTqAAn1xAVUKdGVzdGNvb2tp\nZXECVQZ3b3JrZWRxA3Mu\n	2012-02-03 16:08:45.522658+06
9985e2d8321b8335ba511988a3af08b9	YTU2MGY2MTU2ZWFmN2M0ZDdmYjAxN2JmYWY4OTU4OGVlODk1NzIxNTqAAn1xAShVEl9hdXRoX3Vz\nZXJfYmFja2VuZHECVSlkamFuZ28uY29udHJpYi5hdXRoLmJhY2tlbmRzLk1vZGVsQmFja2VuZHED\nVQ1fYXV0aF91c2VyX2lkcQRLAlUPX3Nlc3Npb25fZXhwaXJ5cQVLAHUu\n	2012-03-12 10:42:15.38966+06
9978004672a0d3e9f16c8044a58fdc65	NjUwNmI0YTkxZjQxNTU0N2IyMWVjYWQ4NTMxMjMxZWRlNzUwMjNkYjqAAn1xAShVEl9hdXRoX3Vz\nZXJfYmFja2VuZHECVSlkamFuZ28uY29udHJpYi5hdXRoLmJhY2tlbmRzLk1vZGVsQmFja2VuZHED\nVQ1fYXV0aF91c2VyX2lkcQRLDFUPX3Nlc3Npb25fZXhwaXJ5cQVLAHUu\n	2012-04-01 12:01:02.570344+06
925984f96c4affcb306795222739ffe1	ZTFlNGVhNThiMTQxZjJkZjZkYjU4ZWViYmJhMTFkMzM0NWQ5YzQyNzqAAn1xAShVD19zZXNzaW9u\nX2V4cGlyeXECSwBVEl9hdXRoX3VzZXJfYmFja2VuZHEDVSlkamFuZ28uY29udHJpYi5hdXRoLmJh\nY2tlbmRzLk1vZGVsQmFja2VuZHEEVQ1fYXV0aF91c2VyX2lkcQVLBXUu\n	2012-03-29 12:49:04.534369+06
81468c94bc1cb33ebca75284019dc409	OWY4MzUxYzYxNDI0MDgyMTJiNGE4YWEwMmY0NzA0NDRkNzU1ZmY2ZTqAAn1xAShVEl9hdXRoX3Vz\nZXJfYmFja2VuZHECVSlkamFuZ28uY29udHJpYi5hdXRoLmJhY2tlbmRzLk1vZGVsQmFja2VuZHED\nVQ1fYXV0aF91c2VyX2lkcQRLDlUPX3Nlc3Npb25fZXhwaXJ5cQVLAHUu\n	2012-04-14 16:02:57.512547+06
0911cdfe86a6a711ff4b27cad2e7d984	NWM0ODczNWJmNTQxZDc5ZTFmYzYzZjMyMWVmY2RkZGJkNzFkYzNjNzqAAn1xAShVD19zZXNzaW9u\nX2V4cGlyeXECSwBVEl9hdXRoX3VzZXJfYmFja2VuZHEDVSlkamFuZ28uY29udHJpYi5hdXRoLmJh\nY2tlbmRzLk1vZGVsQmFja2VuZHEEVQ1fYXV0aF91c2VyX2lkcQVLC3Uu\n	2012-04-22 16:04:36.144642+06
d137b650c7a99c9a5594e978ebf5ac90	ZGUxY2Q0OWI4OWY4ZWY5ZGU3ZDdlZTY3NmViMTViOWQ1M2YzNjNhYzqAAn1xAShVEl9hdXRoX3Vz\nZXJfYmFja2VuZHECVSlkamFuZ28uY29udHJpYi5hdXRoLmJhY2tlbmRzLk1vZGVsQmFja2VuZHED\nVQ1fYXV0aF91c2VyX2lkcQRLBFUPX3Nlc3Npb25fZXhwaXJ5cQVLAHUu\n	2012-03-01 16:20:19.201037+06
629096834ef1d25bed6dc4b7da2c54cf	OWY4MzUxYzYxNDI0MDgyMTJiNGE4YWEwMmY0NzA0NDRkNzU1ZmY2ZTqAAn1xAShVEl9hdXRoX3Vz\nZXJfYmFja2VuZHECVSlkamFuZ28uY29udHJpYi5hdXRoLmJhY2tlbmRzLk1vZGVsQmFja2VuZHED\nVQ1fYXV0aF91c2VyX2lkcQRLDlUPX3Nlc3Npb25fZXhwaXJ5cQVLAHUu\n	2012-03-29 14:38:09.80867+06
804916e493fff15b64a76d113210f212	MmU0MzNkZDE5ZjBjNTRjZTAzYTVhZGYzNmJkNjBhNjBkYTIyMDNhNjqAAn1xAShVD19zZXNzaW9u\nX2V4cGlyeXECSwBVDV9hdXRoX3VzZXJfaWRxA0sMVRJfYXV0aF91c2VyX2JhY2tlbmRxBFUpZGph\nbmdvLmNvbnRyaWIuYXV0aC5iYWNrZW5kcy5Nb2RlbEJhY2tlbmRxBXUu\n	2012-04-08 14:12:41.254456+06
d84e81816796e8b61f2a9a7facdf936b	M2ExMTI3NjY3YTU1ZGIwZWFkY2E2MzViN2JkNjc0NDM5Zjk2MzczYTqAAn1xAVUKdGVzdGNvb2tp\nZXECVQZ3b3JrZWRxA3Mu\n	2012-04-02 15:58:31.680275+06
f51b997674d324640f3ecb3676f62732	NjUwNmI0YTkxZjQxNTU0N2IyMWVjYWQ4NTMxMjMxZWRlNzUwMjNkYjqAAn1xAShVEl9hdXRoX3Vz\nZXJfYmFja2VuZHECVSlkamFuZ28uY29udHJpYi5hdXRoLmJhY2tlbmRzLk1vZGVsQmFja2VuZHED\nVQ1fYXV0aF91c2VyX2lkcQRLDFUPX3Nlc3Npb25fZXhwaXJ5cQVLAHUu\n	2012-04-02 18:52:06.988094+06
1cf0bab15cfbc805ad7fbe1fc46ab10e	YTU2MGY2MTU2ZWFmN2M0ZDdmYjAxN2JmYWY4OTU4OGVlODk1NzIxNTqAAn1xAShVEl9hdXRoX3Vz\nZXJfYmFja2VuZHECVSlkamFuZ28uY29udHJpYi5hdXRoLmJhY2tlbmRzLk1vZGVsQmFja2VuZHED\nVQ1fYXV0aF91c2VyX2lkcQRLAlUPX3Nlc3Npb25fZXhwaXJ5cQVLAHUu\n	2012-04-09 14:52:22.584039+06
da0e59c39d2815818f7e749c8273ee61	ZGYzYWRhNGYzMzA4MDk2ZTk2NGM4YzU2ZTVmMGNiODNhM2M0NGI5YjqAAn1xAShVEl9hdXRoX3Vz\nZXJfYmFja2VuZHECVSlkamFuZ28uY29udHJpYi5hdXRoLmJhY2tlbmRzLk1vZGVsQmFja2VuZHED\nVQ1fYXV0aF91c2VyX2lkcQRLB1UPX3Nlc3Npb25fZXhwaXJ5cQVLAHUu\n	2012-04-10 10:40:34.769601+06
add8ff2f86cc865e15efdb4d5a57a6be	OGU1MjQwMDE5NTA1NjU1N2ZhMzhiMGEzMTZmMTAxNDM0NDhkMmE0YjqAAn1xAShVEl9hdXRoX3Vz\nZXJfYmFja2VuZHECVSlkamFuZ28uY29udHJpYi5hdXRoLmJhY2tlbmRzLk1vZGVsQmFja2VuZHED\nVQ1fYXV0aF91c2VyX2lkcQRLCnUu\n	2012-04-11 11:39:51.604495+06
583910b688828db7ddbd828029b1d238	ZGUxY2Q0OWI4OWY4ZWY5ZGU3ZDdlZTY3NmViMTViOWQ1M2YzNjNhYzqAAn1xAShVEl9hdXRoX3Vz\nZXJfYmFja2VuZHECVSlkamFuZ28uY29udHJpYi5hdXRoLmJhY2tlbmRzLk1vZGVsQmFja2VuZHED\nVQ1fYXV0aF91c2VyX2lkcQRLBFUPX3Nlc3Npb25fZXhwaXJ5cQVLAHUu\n	2012-04-04 19:16:32.785154+06
77b3f5ff1ef0cc38f8aa54fafe29407f	YTU2MGY2MTU2ZWFmN2M0ZDdmYjAxN2JmYWY4OTU4OGVlODk1NzIxNTqAAn1xAShVEl9hdXRoX3Vz\nZXJfYmFja2VuZHECVSlkamFuZ28uY29udHJpYi5hdXRoLmJhY2tlbmRzLk1vZGVsQmFja2VuZHED\nVQ1fYXV0aF91c2VyX2lkcQRLAlUPX3Nlc3Npb25fZXhwaXJ5cQVLAHUu\n	2012-04-18 19:10:35.13085+06
6e2017c2a782c320a58245c98d0ee4fb	MGRmNTkxZTFkZjExMzI4NzMzOTJkM2JiOTQ5MzZmZmNmYzI5ZmMwNzqAAn1xAShVEl9hdXRoX3Vz\nZXJfYmFja2VuZHECVSlkamFuZ28uY29udHJpYi5hdXRoLmJhY2tlbmRzLk1vZGVsQmFja2VuZHED\nVQ1fYXV0aF91c2VyX2lkcQRLBlUPX3Nlc3Npb25fZXhwaXJ5cQVLAHUu\n	2011-09-01 11:41:40.648225+06
8c1bfe783172ee679f55f628565cdc45	OWY4MzUxYzYxNDI0MDgyMTJiNGE4YWEwMmY0NzA0NDRkNzU1ZmY2ZTqAAn1xAShVEl9hdXRoX3Vz\nZXJfYmFja2VuZHECVSlkamFuZ28uY29udHJpYi5hdXRoLmJhY2tlbmRzLk1vZGVsQmFja2VuZHED\nVQ1fYXV0aF91c2VyX2lkcQRLDlUPX3Nlc3Npb25fZXhwaXJ5cQVLAHUu\n	2012-02-06 16:27:17.974338+06
13278c2df97d669358e94c7448eafdad	YTU2MGY2MTU2ZWFmN2M0ZDdmYjAxN2JmYWY4OTU4OGVlODk1NzIxNTqAAn1xAShVEl9hdXRoX3Vz\nZXJfYmFja2VuZHECVSlkamFuZ28uY29udHJpYi5hdXRoLmJhY2tlbmRzLk1vZGVsQmFja2VuZHED\nVQ1fYXV0aF91c2VyX2lkcQRLAlUPX3Nlc3Npb25fZXhwaXJ5cQVLAHUu\n	2012-03-02 15:26:53.650751+06
de47d11bdecbbac2dd79abde0b4a2a06	YTU2MGY2MTU2ZWFmN2M0ZDdmYjAxN2JmYWY4OTU4OGVlODk1NzIxNTqAAn1xAShVEl9hdXRoX3Vz\nZXJfYmFja2VuZHECVSlkamFuZ28uY29udHJpYi5hdXRoLmJhY2tlbmRzLk1vZGVsQmFja2VuZHED\nVQ1fYXV0aF91c2VyX2lkcQRLAlUPX3Nlc3Npb25fZXhwaXJ5cQVLAHUu\n	2012-04-08 13:28:18.542765+06
95ccdca636e8f68f08677a397b6ce355	YTU2MGY2MTU2ZWFmN2M0ZDdmYjAxN2JmYWY4OTU4OGVlODk1NzIxNTqAAn1xAShVEl9hdXRoX3Vz\nZXJfYmFja2VuZHECVSlkamFuZ28uY29udHJpYi5hdXRoLmJhY2tlbmRzLk1vZGVsQmFja2VuZHED\nVQ1fYXV0aF91c2VyX2lkcQRLAlUPX3Nlc3Npb25fZXhwaXJ5cQVLAHUu\n	2012-02-16 10:15:21.676168+06
df445abd5d0d77032df8e31eb6e5762b	OTY4Zjk2NDkzYzkwNjU1ZWRjMDkwMDNkOTQ0N2JhYWY1YWJlZjY3NjqAAn1xAShVEl9hdXRoX3Vz\nZXJfYmFja2VuZHECVSlkamFuZ28uY29udHJpYi5hdXRoLmJhY2tlbmRzLk1vZGVsQmFja2VuZHED\nVQ1fYXV0aF91c2VyX2lkcQRLCXUu\n	2011-12-12 10:05:24.025691+06
8450ad19abb02da88e4d4892270defe8	ZGYzYWRhNGYzMzA4MDk2ZTk2NGM4YzU2ZTVmMGNiODNhM2M0NGI5YjqAAn1xAShVEl9hdXRoX3Vz\nZXJfYmFja2VuZHECVSlkamFuZ28uY29udHJpYi5hdXRoLmJhY2tlbmRzLk1vZGVsQmFja2VuZHED\nVQ1fYXV0aF91c2VyX2lkcQRLB1UPX3Nlc3Npb25fZXhwaXJ5cQVLAHUu\n	2012-02-21 13:34:29.651238+06
39a3e01517675df8e9ceb32317623995	NmZhNjUxNDM3MmQwZWUyMmYwYzQ4MTdkZTI2M2QzOTlmYjZmNWYzMzqAAn1xAShVD19zZXNzaW9u\nX2V4cGlyeXECSwBVCnRlc3Rjb29raWVxA1UGd29ya2VkcQRVDV9hdXRoX3VzZXJfaWRxBUsHVRJf\nYXV0aF91c2VyX2JhY2tlbmRxBlUpZGphbmdvLmNvbnRyaWIuYXV0aC5iYWNrZW5kcy5Nb2RlbEJh\nY2tlbmRxB3Uu\n	2011-12-20 12:20:26.546946+06
2f9d8797c7a9c448f61747e1ca70a55e	ZGUxY2Q0OWI4OWY4ZWY5ZGU3ZDdlZTY3NmViMTViOWQ1M2YzNjNhYzqAAn1xAShVEl9hdXRoX3Vz\nZXJfYmFja2VuZHECVSlkamFuZ28uY29udHJpYi5hdXRoLmJhY2tlbmRzLk1vZGVsQmFja2VuZHED\nVQ1fYXV0aF91c2VyX2lkcQRLBFUPX3Nlc3Npb25fZXhwaXJ5cQVLAHUu\n	2012-03-19 17:18:21.922695+06
5297f43bac52e17dbaf184989a0ad3bb	M2ExMTI3NjY3YTU1ZGIwZWFkY2E2MzViN2JkNjc0NDM5Zjk2MzczYTqAAn1xAVUKdGVzdGNvb2tp\nZXECVQZ3b3JrZWRxA3Mu\n	2011-11-16 14:58:37.534321+06
28ede84de433450d3cff69c514c05048	ZGUxY2Q0OWI4OWY4ZWY5ZGU3ZDdlZTY3NmViMTViOWQ1M2YzNjNhYzqAAn1xAShVEl9hdXRoX3Vz\nZXJfYmFja2VuZHECVSlkamFuZ28uY29udHJpYi5hdXRoLmJhY2tlbmRzLk1vZGVsQmFja2VuZHED\nVQ1fYXV0aF91c2VyX2lkcQRLBFUPX3Nlc3Npb25fZXhwaXJ5cQVLAHUu\n	2012-02-09 14:44:07.567786+06
cdec7fb8fa73054b142e1bb217c5b136	YTU2MGY2MTU2ZWFmN2M0ZDdmYjAxN2JmYWY4OTU4OGVlODk1NzIxNTqAAn1xAShVEl9hdXRoX3Vz\nZXJfYmFja2VuZHECVSlkamFuZ28uY29udHJpYi5hdXRoLmJhY2tlbmRzLk1vZGVsQmFja2VuZHED\nVQ1fYXV0aF91c2VyX2lkcQRLAlUPX3Nlc3Npb25fZXhwaXJ5cQVLAHUu\n	2012-02-12 15:20:01.707642+06
0839bb422d4efcaac58b87f13998db60	NjUwNmI0YTkxZjQxNTU0N2IyMWVjYWQ4NTMxMjMxZWRlNzUwMjNkYjqAAn1xAShVEl9hdXRoX3Vz\nZXJfYmFja2VuZHECVSlkamFuZ28uY29udHJpYi5hdXRoLmJhY2tlbmRzLk1vZGVsQmFja2VuZHED\nVQ1fYXV0aF91c2VyX2lkcQRLDFUPX3Nlc3Npb25fZXhwaXJ5cQVLAHUu\n	2012-03-31 14:55:20.627804+06
5d368513257e730d1726e9e03d4bcebc	YTU2MGY2MTU2ZWFmN2M0ZDdmYjAxN2JmYWY4OTU4OGVlODk1NzIxNTqAAn1xAShVEl9hdXRoX3Vz\nZXJfYmFja2VuZHECVSlkamFuZ28uY29udHJpYi5hdXRoLmJhY2tlbmRzLk1vZGVsQmFja2VuZHED\nVQ1fYXV0aF91c2VyX2lkcQRLAlUPX3Nlc3Npb25fZXhwaXJ5cQVLAHUu\n	2012-04-06 18:54:56.414935+06
5aae60a3e1d6e6ceae06789056c74ef1	ZGUxY2Q0OWI4OWY4ZWY5ZGU3ZDdlZTY3NmViMTViOWQ1M2YzNjNhYzqAAn1xAShVEl9hdXRoX3Vz\nZXJfYmFja2VuZHECVSlkamFuZ28uY29udHJpYi5hdXRoLmJhY2tlbmRzLk1vZGVsQmFja2VuZHED\nVQ1fYXV0aF91c2VyX2lkcQRLBFUPX3Nlc3Npb25fZXhwaXJ5cQVLAHUu\n	2012-03-10 15:10:00.359653+06
57900e10430d5bb5e491c69bf446b040	OWY4MzUxYzYxNDI0MDgyMTJiNGE4YWEwMmY0NzA0NDRkNzU1ZmY2ZTqAAn1xAShVEl9hdXRoX3Vz\nZXJfYmFja2VuZHECVSlkamFuZ28uY29udHJpYi5hdXRoLmJhY2tlbmRzLk1vZGVsQmFja2VuZHED\nVQ1fYXV0aF91c2VyX2lkcQRLDlUPX3Nlc3Npb25fZXhwaXJ5cQVLAHUu\n	2012-04-01 12:04:56.593591+06
7a66745c5009e6aaa69df658be56762d	ZGYzYWRhNGYzMzA4MDk2ZTk2NGM4YzU2ZTVmMGNiODNhM2M0NGI5YjqAAn1xAShVEl9hdXRoX3Vz\nZXJfYmFja2VuZHECVSlkamFuZ28uY29udHJpYi5hdXRoLmJhY2tlbmRzLk1vZGVsQmFja2VuZHED\nVQ1fYXV0aF91c2VyX2lkcQRLB1UPX3Nlc3Npb25fZXhwaXJ5cQVLAHUu\n	2012-03-26 17:08:00.169429+06
28c6984dfda2869ed32e8d47a8af7904	ZGYzYWRhNGYzMzA4MDk2ZTk2NGM4YzU2ZTVmMGNiODNhM2M0NGI5YjqAAn1xAShVEl9hdXRoX3Vz\nZXJfYmFja2VuZHECVSlkamFuZ28uY29udHJpYi5hdXRoLmJhY2tlbmRzLk1vZGVsQmFja2VuZHED\nVQ1fYXV0aF91c2VyX2lkcQRLB1UPX3Nlc3Npb25fZXhwaXJ5cQVLAHUu\n	2012-04-15 13:47:03.246644+06
d86fb23ab58c1909de4a7fb45dce36eb	MzRkYTk5MTA5ZTM0NTYwNWNlMmUzZWJlMjU5YjE5YzVkZmVjMzNjMDqAAn1xAShVEl9hdXRoX3Vz\nZXJfYmFja2VuZHECVSlkamFuZ28uY29udHJpYi5hdXRoLmJhY2tlbmRzLk1vZGVsQmFja2VuZHED\nVQ1fYXV0aF91c2VyX2lkcQRLDVUPX3Nlc3Npb25fZXhwaXJ5cQVLAHUu\n	2012-03-01 15:16:10.818215+06
d1056b3ccb596801e07d0087c5c7921c	MGRmNTkxZTFkZjExMzI4NzMzOTJkM2JiOTQ5MzZmZmNmYzI5ZmMwNzqAAn1xAShVEl9hdXRoX3Vz\nZXJfYmFja2VuZHECVSlkamFuZ28uY29udHJpYi5hdXRoLmJhY2tlbmRzLk1vZGVsQmFja2VuZHED\nVQ1fYXV0aF91c2VyX2lkcQRLBlUPX3Nlc3Npb25fZXhwaXJ5cQVLAHUu\n	2012-04-03 10:32:16.925328+06
3e6068d2597d034983113295c413e45c	OWY4MzUxYzYxNDI0MDgyMTJiNGE4YWEwMmY0NzA0NDRkNzU1ZmY2ZTqAAn1xAShVEl9hdXRoX3Vz\nZXJfYmFja2VuZHECVSlkamFuZ28uY29udHJpYi5hdXRoLmJhY2tlbmRzLk1vZGVsQmFja2VuZHED\nVQ1fYXV0aF91c2VyX2lkcQRLDlUPX3Nlc3Npb25fZXhwaXJ5cQVLAHUu\n	2012-03-27 15:54:57.230551+06
75551a4b7f492fa7661dfc682bf28c06	OWY4MzUxYzYxNDI0MDgyMTJiNGE4YWEwMmY0NzA0NDRkNzU1ZmY2ZTqAAn1xAShVEl9hdXRoX3Vz\nZXJfYmFja2VuZHECVSlkamFuZ28uY29udHJpYi5hdXRoLmJhY2tlbmRzLk1vZGVsQmFja2VuZHED\nVQ1fYXV0aF91c2VyX2lkcQRLDlUPX3Nlc3Npb25fZXhwaXJ5cQVLAHUu\n	2012-04-16 11:57:36.125293+06
fd25e844da5fb5b5dfab7e96d658c8eb	OWY4MzUxYzYxNDI0MDgyMTJiNGE4YWEwMmY0NzA0NDRkNzU1ZmY2ZTqAAn1xAShVEl9hdXRoX3Vz\nZXJfYmFja2VuZHECVSlkamFuZ28uY29udHJpYi5hdXRoLmJhY2tlbmRzLk1vZGVsQmFja2VuZHED\nVQ1fYXV0aF91c2VyX2lkcQRLDlUPX3Nlc3Npb25fZXhwaXJ5cQVLAHUu\n	2012-03-17 11:30:21.256964+06
9826935a32a5978039d3ec2c5196f872	OWY4MzUxYzYxNDI0MDgyMTJiNGE4YWEwMmY0NzA0NDRkNzU1ZmY2ZTqAAn1xAShVEl9hdXRoX3Vz\nZXJfYmFja2VuZHECVSlkamFuZ28uY29udHJpYi5hdXRoLmJhY2tlbmRzLk1vZGVsQmFja2VuZHED\nVQ1fYXV0aF91c2VyX2lkcQRLDlUPX3Nlc3Npb25fZXhwaXJ5cQVLAHUu\n	2012-03-23 16:47:31.043671+06
a265da50349dfdd26f8d1c1c8a067e5a	MGRmNTkxZTFkZjExMzI4NzMzOTJkM2JiOTQ5MzZmZmNmYzI5ZmMwNzqAAn1xAShVEl9hdXRoX3Vz\nZXJfYmFja2VuZHECVSlkamFuZ28uY29udHJpYi5hdXRoLmJhY2tlbmRzLk1vZGVsQmFja2VuZHED\nVQ1fYXV0aF91c2VyX2lkcQRLBlUPX3Nlc3Npb25fZXhwaXJ5cQVLAHUu\n	2012-03-29 00:05:28.753775+06
741d6c547a8ca1406fe26932074f48d0	YTU2MGY2MTU2ZWFmN2M0ZDdmYjAxN2JmYWY4OTU4OGVlODk1NzIxNTqAAn1xAShVEl9hdXRoX3Vz\nZXJfYmFja2VuZHECVSlkamFuZ28uY29udHJpYi5hdXRoLmJhY2tlbmRzLk1vZGVsQmFja2VuZHED\nVQ1fYXV0aF91c2VyX2lkcQRLAlUPX3Nlc3Npb25fZXhwaXJ5cQVLAHUu\n	2012-03-29 17:22:55.917164+06
e75d15a46a5791ead065c183a8343f6f	YTU2MGY2MTU2ZWFmN2M0ZDdmYjAxN2JmYWY4OTU4OGVlODk1NzIxNTqAAn1xAShVEl9hdXRoX3Vz\nZXJfYmFja2VuZHECVSlkamFuZ28uY29udHJpYi5hdXRoLmJhY2tlbmRzLk1vZGVsQmFja2VuZHED\nVQ1fYXV0aF91c2VyX2lkcQRLAlUPX3Nlc3Npb25fZXhwaXJ5cQVLAHUu\n	2012-03-24 14:34:06.549463+06
6f2479e884e2ae5f48c5ccaa5a4e9afc	MGRmNTkxZTFkZjExMzI4NzMzOTJkM2JiOTQ5MzZmZmNmYzI5ZmMwNzqAAn1xAShVEl9hdXRoX3Vz\nZXJfYmFja2VuZHECVSlkamFuZ28uY29udHJpYi5hdXRoLmJhY2tlbmRzLk1vZGVsQmFja2VuZHED\nVQ1fYXV0aF91c2VyX2lkcQRLBlUPX3Nlc3Npb25fZXhwaXJ5cQVLAHUu\n	2011-09-07 23:05:46.202771+06
7bfc1b014d275c818f00280b987e86a0	NmNlNzIzZjRhZTk3MDRjNTBjN2E1YmFkM2E0ZDFmMzQzZjU4N2UyNDqAAn1xAShVEl9hdXRoX3Vz\nZXJfYmFja2VuZHECVSlkamFuZ28uY29udHJpYi5hdXRoLmJhY2tlbmRzLk1vZGVsQmFja2VuZHED\nVQ1fYXV0aF91c2VyX2lkcQRLAXUu\n	2011-12-12 14:15:23.958507+06
f718b66f6610983351e0447536ce902b	NmNlNzIzZjRhZTk3MDRjNTBjN2E1YmFkM2E0ZDFmMzQzZjU4N2UyNDqAAn1xAShVEl9hdXRoX3Vz\nZXJfYmFja2VuZHECVSlkamFuZ28uY29udHJpYi5hdXRoLmJhY2tlbmRzLk1vZGVsQmFja2VuZHED\nVQ1fYXV0aF91c2VyX2lkcQRLAXUu\n	2012-04-18 22:37:46.751084+06
2a33c3f14cadbc01a6b93f6a95be489e	NjM1MjU1OGJmZGY4Y2IxYzRjZWYyNmM4NzAyM2FjZGE0ZDQyZDdjOTqAAn1xAShVEl9hdXRoX3Vz\nZXJfYmFja2VuZHECVSlkamFuZ28uY29udHJpYi5hdXRoLmJhY2tlbmRzLk1vZGVsQmFja2VuZHED\nVQ1fYXV0aF91c2VyX2lkcQRLA1UPX3Nlc3Npb25fZXhwaXJ5cQVLAHUu\n	2011-12-20 14:23:13.057498+06
1795d7f569c7f7935b417fffc5ae6b83	M2ExMTI3NjY3YTU1ZGIwZWFkY2E2MzViN2JkNjc0NDM5Zjk2MzczYTqAAn1xAVUKdGVzdGNvb2tp\nZXECVQZ3b3JrZWRxA3Mu\n	2012-01-30 22:48:38.60632+06
fa8c7407c39c222fd1b28db4754fc60f	OWY4MzUxYzYxNDI0MDgyMTJiNGE4YWEwMmY0NzA0NDRkNzU1ZmY2ZTqAAn1xAShVEl9hdXRoX3Vz\nZXJfYmFja2VuZHECVSlkamFuZ28uY29udHJpYi5hdXRoLmJhY2tlbmRzLk1vZGVsQmFja2VuZHED\nVQ1fYXV0aF91c2VyX2lkcQRLDlUPX3Nlc3Npb25fZXhwaXJ5cQVLAHUu\n	2012-04-19 10:33:15.911855+06
06dd38a1ca98006ec0df95f6e82f5522	YTU2MGY2MTU2ZWFmN2M0ZDdmYjAxN2JmYWY4OTU4OGVlODk1NzIxNTqAAn1xAShVEl9hdXRoX3Vz\nZXJfYmFja2VuZHECVSlkamFuZ28uY29udHJpYi5hdXRoLmJhY2tlbmRzLk1vZGVsQmFja2VuZHED\nVQ1fYXV0aF91c2VyX2lkcQRLAlUPX3Nlc3Npb25fZXhwaXJ5cQVLAHUu\n	2012-03-12 10:43:03.937551+06
f56c5cb48678c712462b646f2504af18	OGU1MjQwMDE5NTA1NjU1N2ZhMzhiMGEzMTZmMTAxNDM0NDhkMmE0YjqAAn1xAShVEl9hdXRoX3Vz\nZXJfYmFja2VuZHECVSlkamFuZ28uY29udHJpYi5hdXRoLmJhY2tlbmRzLk1vZGVsQmFja2VuZHED\nVQ1fYXV0aF91c2VyX2lkcQRLCnUu\n	2012-04-03 16:28:51.033886+06
5746d3463c800bca14e461a7b2c7667e	ZGYzYWRhNGYzMzA4MDk2ZTk2NGM4YzU2ZTVmMGNiODNhM2M0NGI5YjqAAn1xAShVEl9hdXRoX3Vz\nZXJfYmFja2VuZHECVSlkamFuZ28uY29udHJpYi5hdXRoLmJhY2tlbmRzLk1vZGVsQmFja2VuZHED\nVQ1fYXV0aF91c2VyX2lkcQRLB1UPX3Nlc3Npb25fZXhwaXJ5cQVLAHUu\n	2012-03-03 13:31:00.381105+06
095c7f74c9449ab9ea0f16772813721b	MGRmNTkxZTFkZjExMzI4NzMzOTJkM2JiOTQ5MzZmZmNmYzI5ZmMwNzqAAn1xAShVEl9hdXRoX3Vz\nZXJfYmFja2VuZHECVSlkamFuZ28uY29udHJpYi5hdXRoLmJhY2tlbmRzLk1vZGVsQmFja2VuZHED\nVQ1fYXV0aF91c2VyX2lkcQRLBlUPX3Nlc3Npb25fZXhwaXJ5cQVLAHUu\n	2012-04-30 13:48:18.232716+06
78910c9ac31a4d6c17c77730cd43b02a	OWY4MzUxYzYxNDI0MDgyMTJiNGE4YWEwMmY0NzA0NDRkNzU1ZmY2ZTqAAn1xAShVEl9hdXRoX3Vz\nZXJfYmFja2VuZHECVSlkamFuZ28uY29udHJpYi5hdXRoLmJhY2tlbmRzLk1vZGVsQmFja2VuZHED\nVQ1fYXV0aF91c2VyX2lkcQRLDlUPX3Nlc3Npb25fZXhwaXJ5cQVLAHUu\n	2012-04-19 14:32:10.69867+06
1c3af9d08505bfc931ae49ceed3ee8c4	YTU2MGY2MTU2ZWFmN2M0ZDdmYjAxN2JmYWY4OTU4OGVlODk1NzIxNTqAAn1xAShVEl9hdXRoX3Vz\nZXJfYmFja2VuZHECVSlkamFuZ28uY29udHJpYi5hdXRoLmJhY2tlbmRzLk1vZGVsQmFja2VuZHED\nVQ1fYXV0aF91c2VyX2lkcQRLAlUPX3Nlc3Npb25fZXhwaXJ5cQVLAHUu\n	2012-03-21 12:36:25.456059+06
50787fc515e265f376557ead542660cc	ZGUxY2Q0OWI4OWY4ZWY5ZGU3ZDdlZTY3NmViMTViOWQ1M2YzNjNhYzqAAn1xAShVEl9hdXRoX3Vz\nZXJfYmFja2VuZHECVSlkamFuZ28uY29udHJpYi5hdXRoLmJhY2tlbmRzLk1vZGVsQmFja2VuZHED\nVQ1fYXV0aF91c2VyX2lkcQRLBFUPX3Nlc3Npb25fZXhwaXJ5cQVLAHUu\n	2012-04-13 16:15:04.148773+06
f5e15177f622417845663a41177c12c8	ZGUxY2Q0OWI4OWY4ZWY5ZGU3ZDdlZTY3NmViMTViOWQ1M2YzNjNhYzqAAn1xAShVEl9hdXRoX3Vz\nZXJfYmFja2VuZHECVSlkamFuZ28uY29udHJpYi5hdXRoLmJhY2tlbmRzLk1vZGVsQmFja2VuZHED\nVQ1fYXV0aF91c2VyX2lkcQRLBFUPX3Nlc3Npb25fZXhwaXJ5cQVLAHUu\n	2012-04-19 17:33:59.665613+06
165a9edb89c80ce6d6fb3853c7c260cb	NTcxNDdmNWEyM2QyODVhNzhkM2M4NGU5YzU2Y2ZmYzY3ODFhOTM5MzqAAn1xAShVD19zZXNzaW9u\nX2V4cGlyeXECSwBVCnRlc3Rjb29raWVxA1UGd29ya2VkcQRVDV9hdXRoX3VzZXJfaWRxBUsMVRJf\nYXV0aF91c2VyX2JhY2tlbmRxBlUpZGphbmdvLmNvbnRyaWIuYXV0aC5iYWNrZW5kcy5Nb2RlbEJh\nY2tlbmRxB3Uu\n	2012-04-04 18:39:12.582119+06
59a560e98381de95579a7f8a449ffd3c	M2ExMTI3NjY3YTU1ZGIwZWFkY2E2MzViN2JkNjc0NDM5Zjk2MzczYTqAAn1xAVUKdGVzdGNvb2tp\nZXECVQZ3b3JrZWRxA3Mu\n	2012-04-20 11:50:41.249332+06
122df332cfbd0d5fff57e0fb0caaa09b	M2ExMTI3NjY3YTU1ZGIwZWFkY2E2MzViN2JkNjc0NDM5Zjk2MzczYTqAAn1xAVUKdGVzdGNvb2tp\nZXECVQZ3b3JrZWRxA3Mu\n	2012-03-07 17:29:11.537609+06
c9f9bcf0ccc9116640edcd7ae2789f85	MzBiOWY5M2IxOWU0M2ZmYjk5N2ZjZWYxNDExZWE5ZTdkYmUyMGViOTqAAn1xAShVEl9hdXRoX3Vz\nZXJfYmFja2VuZHECVSlkamFuZ28uY29udHJpYi5hdXRoLmJhY2tlbmRzLk1vZGVsQmFja2VuZHED\nVQ1fYXV0aF91c2VyX2lkcQRLCFUPX3Nlc3Npb25fZXhwaXJ5cQVLAHUu\n	2011-12-11 14:44:22.919848+06
e7ce8cf4729517bdbe56a8b50f21a49f	MGRmNTkxZTFkZjExMzI4NzMzOTJkM2JiOTQ5MzZmZmNmYzI5ZmMwNzqAAn1xAShVEl9hdXRoX3Vz\nZXJfYmFja2VuZHECVSlkamFuZ28uY29udHJpYi5hdXRoLmJhY2tlbmRzLk1vZGVsQmFja2VuZHED\nVQ1fYXV0aF91c2VyX2lkcQRLBlUPX3Nlc3Npb25fZXhwaXJ5cQVLAHUu\n	2012-04-15 18:42:53.524899+06
30e911bdf0ac5f060ef7a6e3adafdae2	OWY4MzUxYzYxNDI0MDgyMTJiNGE4YWEwMmY0NzA0NDRkNzU1ZmY2ZTqAAn1xAShVEl9hdXRoX3Vz\nZXJfYmFja2VuZHECVSlkamFuZ28uY29udHJpYi5hdXRoLmJhY2tlbmRzLk1vZGVsQmFja2VuZHED\nVQ1fYXV0aF91c2VyX2lkcQRLDlUPX3Nlc3Npb25fZXhwaXJ5cQVLAHUu\n	2012-04-02 15:56:11.764751+06
b3d472fd95b9448a4aae2e230b37ae35	NjUwNmI0YTkxZjQxNTU0N2IyMWVjYWQ4NTMxMjMxZWRlNzUwMjNkYjqAAn1xAShVEl9hdXRoX3Vz\nZXJfYmFja2VuZHECVSlkamFuZ28uY29udHJpYi5hdXRoLmJhY2tlbmRzLk1vZGVsQmFja2VuZHED\nVQ1fYXV0aF91c2VyX2lkcQRLDFUPX3Nlc3Npb25fZXhwaXJ5cQVLAHUu\n	2012-02-18 12:30:12.403318+06
d0f5e9f631e1422bc0b94350a3aa8a9d	NjUwNmI0YTkxZjQxNTU0N2IyMWVjYWQ4NTMxMjMxZWRlNzUwMjNkYjqAAn1xAShVEl9hdXRoX3Vz\nZXJfYmFja2VuZHECVSlkamFuZ28uY29udHJpYi5hdXRoLmJhY2tlbmRzLk1vZGVsQmFja2VuZHED\nVQ1fYXV0aF91c2VyX2lkcQRLDFUPX3Nlc3Npb25fZXhwaXJ5cQVLAHUu\n	2012-04-10 13:29:46.73162+06
5efb7b00beaaf398aa84efa2fbe5a5dd	ZGYzYWRhNGYzMzA4MDk2ZTk2NGM4YzU2ZTVmMGNiODNhM2M0NGI5YjqAAn1xAShVEl9hdXRoX3Vz\nZXJfYmFja2VuZHECVSlkamFuZ28uY29udHJpYi5hdXRoLmJhY2tlbmRzLk1vZGVsQmFja2VuZHED\nVQ1fYXV0aF91c2VyX2lkcQRLB1UPX3Nlc3Npb25fZXhwaXJ5cQVLAHUu\n	2012-04-05 16:38:22.190388+06
728b89b61b31d8472a868a61bbb14f44	ZGUxY2Q0OWI4OWY4ZWY5ZGU3ZDdlZTY3NmViMTViOWQ1M2YzNjNhYzqAAn1xAShVEl9hdXRoX3Vz\nZXJfYmFja2VuZHECVSlkamFuZ28uY29udHJpYi5hdXRoLmJhY2tlbmRzLk1vZGVsQmFja2VuZHED\nVQ1fYXV0aF91c2VyX2lkcQRLBFUPX3Nlc3Npb25fZXhwaXJ5cQVLAHUu\n	2012-04-10 18:32:29.972817+06
93cfa610777b6c03e601d1bb29399c6a	NjUwNmI0YTkxZjQxNTU0N2IyMWVjYWQ4NTMxMjMxZWRlNzUwMjNkYjqAAn1xAShVEl9hdXRoX3Vz\nZXJfYmFja2VuZHECVSlkamFuZ28uY29udHJpYi5hdXRoLmJhY2tlbmRzLk1vZGVsQmFja2VuZHED\nVQ1fYXV0aF91c2VyX2lkcQRLDFUPX3Nlc3Npb25fZXhwaXJ5cQVLAHUu\n	2012-04-11 12:18:33.108038+06
53d6d70b27b5c5ada4498999690805a7	MDdjZDU0YmVkZDE1YzcxOTY1ZDE2NDVmMWY5N2MxYzIzNWM4MjQ1OTqAAn1xAShVD19zZXNzaW9u\nX2V4cGlyeXECSwBVDV9hdXRoX3VzZXJfaWRxA0sGVRJfYXV0aF91c2VyX2JhY2tlbmRxBFUpZGph\nbmdvLmNvbnRyaWIuYXV0aC5iYWNrZW5kcy5Nb2RlbEJhY2tlbmRxBXUu\n	2012-04-16 00:21:40.363211+06
2ee7c77475a5fee40f4871ea034c9649	YTU2MGY2MTU2ZWFmN2M0ZDdmYjAxN2JmYWY4OTU4OGVlODk1NzIxNTqAAn1xAShVEl9hdXRoX3Vz\nZXJfYmFja2VuZHECVSlkamFuZ28uY29udHJpYi5hdXRoLmJhY2tlbmRzLk1vZGVsQmFja2VuZHED\nVQ1fYXV0aF91c2VyX2lkcQRLAlUPX3Nlc3Npb25fZXhwaXJ5cQVLAHUu\n	2012-04-16 17:20:02.82493+06
04287cf500956465c236c5d420cf800f	OWY4MzUxYzYxNDI0MDgyMTJiNGE4YWEwMmY0NzA0NDRkNzU1ZmY2ZTqAAn1xAShVEl9hdXRoX3Vz\nZXJfYmFja2VuZHECVSlkamFuZ28uY29udHJpYi5hdXRoLmJhY2tlbmRzLk1vZGVsQmFja2VuZHED\nVQ1fYXV0aF91c2VyX2lkcQRLDlUPX3Nlc3Npb25fZXhwaXJ5cQVLAHUu\n	2012-04-17 15:53:26.119521+06
92a43ec1a6db87158c8ab66f231a4d47	NjUwNmI0YTkxZjQxNTU0N2IyMWVjYWQ4NTMxMjMxZWRlNzUwMjNkYjqAAn1xAShVEl9hdXRoX3Vz\nZXJfYmFja2VuZHECVSlkamFuZ28uY29udHJpYi5hdXRoLmJhY2tlbmRzLk1vZGVsQmFja2VuZHED\nVQ1fYXV0aF91c2VyX2lkcQRLDFUPX3Nlc3Npb25fZXhwaXJ5cQVLAHUu\n	2012-04-22 12:36:53.755555+06
31a42ed724ee8f8a49d3c6f3cafa7584	ZGYzYWRhNGYzMzA4MDk2ZTk2NGM4YzU2ZTVmMGNiODNhM2M0NGI5YjqAAn1xAShVEl9hdXRoX3Vz\nZXJfYmFja2VuZHECVSlkamFuZ28uY29udHJpYi5hdXRoLmJhY2tlbmRzLk1vZGVsQmFja2VuZHED\nVQ1fYXV0aF91c2VyX2lkcQRLB1UPX3Nlc3Npb25fZXhwaXJ5cQVLAHUu\n	2012-03-03 15:40:54.353071+06
01e83be875f10cde879f3d2ca397b66f	MGRmNTkxZTFkZjExMzI4NzMzOTJkM2JiOTQ5MzZmZmNmYzI5ZmMwNzqAAn1xAShVEl9hdXRoX3Vz\nZXJfYmFja2VuZHECVSlkamFuZ28uY29udHJpYi5hdXRoLmJhY2tlbmRzLk1vZGVsQmFja2VuZHED\nVQ1fYXV0aF91c2VyX2lkcQRLBlUPX3Nlc3Npb25fZXhwaXJ5cQVLAHUu\n	2011-09-04 19:27:19.790428+06
69644099445bdbe9fbe8f26f84abf51d	ZGUxY2Q0OWI4OWY4ZWY5ZGU3ZDdlZTY3NmViMTViOWQ1M2YzNjNhYzqAAn1xAShVEl9hdXRoX3Vz\nZXJfYmFja2VuZHECVSlkamFuZ28uY29udHJpYi5hdXRoLmJhY2tlbmRzLk1vZGVsQmFja2VuZHED\nVQ1fYXV0aF91c2VyX2lkcQRLBFUPX3Nlc3Npb25fZXhwaXJ5cQVLAHUu\n	2012-03-25 16:09:47.436766+06
811b84f8638f171a59a5317fca3e3ece	YTU2MGY2MTU2ZWFmN2M0ZDdmYjAxN2JmYWY4OTU4OGVlODk1NzIxNTqAAn1xAShVEl9hdXRoX3Vz\nZXJfYmFja2VuZHECVSlkamFuZ28uY29udHJpYi5hdXRoLmJhY2tlbmRzLk1vZGVsQmFja2VuZHED\nVQ1fYXV0aF91c2VyX2lkcQRLAlUPX3Nlc3Npb25fZXhwaXJ5cQVLAHUu\n	2012-02-07 10:52:22.461482+06
2a5408a0b07c682373804e175186591f	MzNiM2IzNTNmMDZmZjlhNWE0MGYxMjJiZWJhZDRhOWE5NTAzMzM4OTqAAn1xAShVCnRlc3Rjb29r\naWVxAlUGd29ya2VkcQNVDV9hdXRoX3VzZXJfaWRxBEsHVRJfYXV0aF91c2VyX2JhY2tlbmRxBVUp\nZGphbmdvLmNvbnRyaWIuYXV0aC5iYWNrZW5kcy5Nb2RlbEJhY2tlbmRxBnUu\n	2012-01-06 18:35:05.114937+06
eef2db634593db86975a7dd6684707ee	OWY4MzUxYzYxNDI0MDgyMTJiNGE4YWEwMmY0NzA0NDRkNzU1ZmY2ZTqAAn1xAShVEl9hdXRoX3Vz\nZXJfYmFja2VuZHECVSlkamFuZ28uY29udHJpYi5hdXRoLmJhY2tlbmRzLk1vZGVsQmFja2VuZHED\nVQ1fYXV0aF91c2VyX2lkcQRLDlUPX3Nlc3Npb25fZXhwaXJ5cQVLAHUu\n	2012-02-28 11:35:04.037552+06
9123c64437435b582b54e4152f945a5e	YjkzYTljOThmNzJjMjBkOWI3Nzk0ZjdiMGRkMzU2YzUxNTcwOWUyZjqAAn1xAShVEl9hdXRoX3Vz\nZXJfYmFja2VuZHECVSlkamFuZ28uY29udHJpYi5hdXRoLmJhY2tlbmRzLk1vZGVsQmFja2VuZHED\nVQ1fYXV0aF91c2VyX2lkcQRLAVUPX3Nlc3Npb25fZXhwaXJ5cQVLAHUu\n	2012-01-07 14:49:28.710623+06
6749a3a3667b8318c430870991c49b89	NjM1MjU1OGJmZGY4Y2IxYzRjZWYyNmM4NzAyM2FjZGE0ZDQyZDdjOTqAAn1xAShVEl9hdXRoX3Vz\nZXJfYmFja2VuZHECVSlkamFuZ28uY29udHJpYi5hdXRoLmJhY2tlbmRzLk1vZGVsQmFja2VuZHED\nVQ1fYXV0aF91c2VyX2lkcQRLA1UPX3Nlc3Npb25fZXhwaXJ5cQVLAHUu\n	2012-01-28 12:25:25.049667+06
26438c2383f08e49841a263e41e7671a	ZmE2NWNlODRiMGE5MmFhZDBlMjJlYmNkZjg5Y2Q3NGM5MGM2ZjEzMDqAAn1xAShVEl9hdXRoX3Vz\nZXJfYmFja2VuZHECVSlkamFuZ28uY29udHJpYi5hdXRoLmJhY2tlbmRzLk1vZGVsQmFja2VuZHED\nVQ1fYXV0aF91c2VyX2lkcQRLBVUPX3Nlc3Npb25fZXhwaXJ5cQVLAHUu\n	2012-03-31 13:20:23.876675+06
e7ca3acd46cae598ca71a737df28c111	YTU2MGY2MTU2ZWFmN2M0ZDdmYjAxN2JmYWY4OTU4OGVlODk1NzIxNTqAAn1xAShVEl9hdXRoX3Vz\nZXJfYmFja2VuZHECVSlkamFuZ28uY29udHJpYi5hdXRoLmJhY2tlbmRzLk1vZGVsQmFja2VuZHED\nVQ1fYXV0aF91c2VyX2lkcQRLAlUPX3Nlc3Npb25fZXhwaXJ5cQVLAHUu\n	2012-03-16 18:18:35.921888+06
d78e20edcc4c620f1446d28bd86142c4	ZGYzYWRhNGYzMzA4MDk2ZTk2NGM4YzU2ZTVmMGNiODNhM2M0NGI5YjqAAn1xAShVEl9hdXRoX3Vz\nZXJfYmFja2VuZHECVSlkamFuZ28uY29udHJpYi5hdXRoLmJhY2tlbmRzLk1vZGVsQmFja2VuZHED\nVQ1fYXV0aF91c2VyX2lkcQRLB1UPX3Nlc3Npb25fZXhwaXJ5cQVLAHUu\n	2012-02-23 18:40:32.387713+06
2fe2b61ddc98dd6a0f37fa5bf7903275	OWY4MzUxYzYxNDI0MDgyMTJiNGE4YWEwMmY0NzA0NDRkNzU1ZmY2ZTqAAn1xAShVEl9hdXRoX3Vz\nZXJfYmFja2VuZHECVSlkamFuZ28uY29udHJpYi5hdXRoLmJhY2tlbmRzLk1vZGVsQmFja2VuZHED\nVQ1fYXV0aF91c2VyX2lkcQRLDlUPX3Nlc3Npb25fZXhwaXJ5cQVLAHUu\n	2012-04-23 11:00:11.010107+06
7c9af6b76ec3926a78f1715c41362574	YTU2MGY2MTU2ZWFmN2M0ZDdmYjAxN2JmYWY4OTU4OGVlODk1NzIxNTqAAn1xAShVEl9hdXRoX3Vz\nZXJfYmFja2VuZHECVSlkamFuZ28uY29udHJpYi5hdXRoLmJhY2tlbmRzLk1vZGVsQmFja2VuZHED\nVQ1fYXV0aF91c2VyX2lkcQRLAlUPX3Nlc3Npb25fZXhwaXJ5cQVLAHUu\n	2012-02-24 12:47:28.105709+06
ca286064a44eaeff93dbd8db59a6408f	ZGYzYWRhNGYzMzA4MDk2ZTk2NGM4YzU2ZTVmMGNiODNhM2M0NGI5YjqAAn1xAShVEl9hdXRoX3Vz\nZXJfYmFja2VuZHECVSlkamFuZ28uY29udHJpYi5hdXRoLmJhY2tlbmRzLk1vZGVsQmFja2VuZHED\nVQ1fYXV0aF91c2VyX2lkcQRLB1UPX3Nlc3Npb25fZXhwaXJ5cQVLAHUu\n	2012-03-28 11:44:24.433729+06
9d26e2f3330ce3f3b9442de610faa30d	ZmE2NWNlODRiMGE5MmFhZDBlMjJlYmNkZjg5Y2Q3NGM5MGM2ZjEzMDqAAn1xAShVEl9hdXRoX3Vz\nZXJfYmFja2VuZHECVSlkamFuZ28uY29udHJpYi5hdXRoLmJhY2tlbmRzLk1vZGVsQmFja2VuZHED\nVQ1fYXV0aF91c2VyX2lkcQRLBVUPX3Nlc3Npb25fZXhwaXJ5cQVLAHUu\n	2012-04-01 13:50:32.504433+06
d516f443de9e4309467daf90b2912ef3	OWY4MzUxYzYxNDI0MDgyMTJiNGE4YWEwMmY0NzA0NDRkNzU1ZmY2ZTqAAn1xAShVEl9hdXRoX3Vz\nZXJfYmFja2VuZHECVSlkamFuZ28uY29udHJpYi5hdXRoLmJhY2tlbmRzLk1vZGVsQmFja2VuZHED\nVQ1fYXV0aF91c2VyX2lkcQRLDlUPX3Nlc3Npb25fZXhwaXJ5cQVLAHUu\n	2012-04-06 10:42:16.52733+06
f1e73bd0ccd0aed3cbcef85080845f88	NjUwNmI0YTkxZjQxNTU0N2IyMWVjYWQ4NTMxMjMxZWRlNzUwMjNkYjqAAn1xAShVEl9hdXRoX3Vz\nZXJfYmFja2VuZHECVSlkamFuZ28uY29udHJpYi5hdXRoLmJhY2tlbmRzLk1vZGVsQmFja2VuZHED\nVQ1fYXV0aF91c2VyX2lkcQRLDFUPX3Nlc3Npb25fZXhwaXJ5cQVLAHUu\n	2012-03-29 11:05:58.877051+06
6bdf5a618b156d473a4e1d05bf66fa78	YTU2MGY2MTU2ZWFmN2M0ZDdmYjAxN2JmYWY4OTU4OGVlODk1NzIxNTqAAn1xAShVEl9hdXRoX3Vz\nZXJfYmFja2VuZHECVSlkamFuZ28uY29udHJpYi5hdXRoLmJhY2tlbmRzLk1vZGVsQmFja2VuZHED\nVQ1fYXV0aF91c2VyX2lkcQRLAlUPX3Nlc3Npb25fZXhwaXJ5cQVLAHUu\n	2012-04-02 16:15:04.716113+06
6e5122a0ce09ef47e6e6674d1df0a426	YTU2MGY2MTU2ZWFmN2M0ZDdmYjAxN2JmYWY4OTU4OGVlODk1NzIxNTqAAn1xAShVEl9hdXRoX3Vz\nZXJfYmFja2VuZHECVSlkamFuZ28uY29udHJpYi5hdXRoLmJhY2tlbmRzLk1vZGVsQmFja2VuZHED\nVQ1fYXV0aF91c2VyX2lkcQRLAlUPX3Nlc3Npb25fZXhwaXJ5cQVLAHUu\n	2012-04-11 12:59:45.630121+06
dbbe13dc4fd37b0a6800b6d2ad215ae4	NjUwNmI0YTkxZjQxNTU0N2IyMWVjYWQ4NTMxMjMxZWRlNzUwMjNkYjqAAn1xAShVEl9hdXRoX3Vz\nZXJfYmFja2VuZHECVSlkamFuZ28uY29udHJpYi5hdXRoLmJhY2tlbmRzLk1vZGVsQmFja2VuZHED\nVQ1fYXV0aF91c2VyX2lkcQRLDFUPX3Nlc3Npb25fZXhwaXJ5cQVLAHUu\n	2012-03-30 10:44:41.209439+06
e31bb9bd66301a331cc4b5d190e60353	MGRmNTkxZTFkZjExMzI4NzMzOTJkM2JiOTQ5MzZmZmNmYzI5ZmMwNzqAAn1xAShVEl9hdXRoX3Vz\nZXJfYmFja2VuZHECVSlkamFuZ28uY29udHJpYi5hdXRoLmJhY2tlbmRzLk1vZGVsQmFja2VuZHED\nVQ1fYXV0aF91c2VyX2lkcQRLBlUPX3Nlc3Npb25fZXhwaXJ5cQVLAHUu\n	2012-04-18 21:43:31.503148+06
0d1c8dd6501ad3b2056238c94f8dad01	YTU2MGY2MTU2ZWFmN2M0ZDdmYjAxN2JmYWY4OTU4OGVlODk1NzIxNTqAAn1xAShVEl9hdXRoX3Vz\nZXJfYmFja2VuZHECVSlkamFuZ28uY29udHJpYi5hdXRoLmJhY2tlbmRzLk1vZGVsQmFja2VuZHED\nVQ1fYXV0aF91c2VyX2lkcQRLAlUPX3Nlc3Npb25fZXhwaXJ5cQVLAHUu\n	2012-04-18 12:57:57.651024+06
109ca5d9a252b774c4339a2b54e81e04	YmQ2OGU5NjUzNDM5ZGYyNDZmZTIyNmU2ZmIyNjY4YzIxOGYzMzk3ZjqAAn1xAShVD19zZXNzaW9u\nX2V4cGlyeXECSwBVEl9hdXRoX3VzZXJfYmFja2VuZHEDVSlkamFuZ28uY29udHJpYi5hdXRoLmJh\nY2tlbmRzLk1vZGVsQmFja2VuZHEEVQ1fYXV0aF91c2VyX2lkcQVLB3Uu\n	2012-02-20 12:17:01.331895+06
a692ef75a0507e45a1af270a535da994	YTU2MGY2MTU2ZWFmN2M0ZDdmYjAxN2JmYWY4OTU4OGVlODk1NzIxNTqAAn1xAShVEl9hdXRoX3Vz\nZXJfYmFja2VuZHECVSlkamFuZ28uY29udHJpYi5hdXRoLmJhY2tlbmRzLk1vZGVsQmFja2VuZHED\nVQ1fYXV0aF91c2VyX2lkcQRLAlUPX3Nlc3Npb25fZXhwaXJ5cQVLAHUu\n	2012-04-20 10:22:21.922862+06
100b02b81aeac12c814a2496992c8d42	OWY4MzUxYzYxNDI0MDgyMTJiNGE4YWEwMmY0NzA0NDRkNzU1ZmY2ZTqAAn1xAShVEl9hdXRoX3Vz\nZXJfYmFja2VuZHECVSlkamFuZ28uY29udHJpYi5hdXRoLmJhY2tlbmRzLk1vZGVsQmFja2VuZHED\nVQ1fYXV0aF91c2VyX2lkcQRLDlUPX3Nlc3Npb25fZXhwaXJ5cQVLAHUu\n	2012-03-25 11:29:22.976733+06
71f85a32183c674ca319f00167300404	OWY4MzUxYzYxNDI0MDgyMTJiNGE4YWEwMmY0NzA0NDRkNzU1ZmY2ZTqAAn1xAShVEl9hdXRoX3Vz\nZXJfYmFja2VuZHECVSlkamFuZ28uY29udHJpYi5hdXRoLmJhY2tlbmRzLk1vZGVsQmFja2VuZHED\nVQ1fYXV0aF91c2VyX2lkcQRLDlUPX3Nlc3Npb25fZXhwaXJ5cQVLAHUu\n	2012-04-12 16:53:44.269976+06
361e6b18e6642ce33481af8f0d09d4f1	ZDhhNzZhYWFkMGJmNDAzZGQ1YzNmYzg5MmVhNGFmYjI4ZmNjMjU5NzqAAn1xAShVEl9hdXRoX3Vz\nZXJfYmFja2VuZHECVSlkamFuZ28uY29udHJpYi5hdXRoLmJhY2tlbmRzLk1vZGVsQmFja2VuZHED\nVQ1fYXV0aF91c2VyX2lkcQRLC1UPX3Nlc3Npb25fZXhwaXJ5cQVLAHUu\n	2012-04-27 15:24:22.76928+06
8e08ddb384b2871ac681410c08da0822	ZGUxY2Q0OWI4OWY4ZWY5ZGU3ZDdlZTY3NmViMTViOWQ1M2YzNjNhYzqAAn1xAShVEl9hdXRoX3Vz\nZXJfYmFja2VuZHECVSlkamFuZ28uY29udHJpYi5hdXRoLmJhY2tlbmRzLk1vZGVsQmFja2VuZHED\nVQ1fYXV0aF91c2VyX2lkcQRLBFUPX3Nlc3Npb25fZXhwaXJ5cQVLAHUu\n	2012-04-24 14:41:03.406512+06
e2a797a87ef34731c33ce8712139e53f	OWY4MzUxYzYxNDI0MDgyMTJiNGE4YWEwMmY0NzA0NDRkNzU1ZmY2ZTqAAn1xAShVEl9hdXRoX3Vz\nZXJfYmFja2VuZHECVSlkamFuZ28uY29udHJpYi5hdXRoLmJhY2tlbmRzLk1vZGVsQmFja2VuZHED\nVQ1fYXV0aF91c2VyX2lkcQRLDlUPX3Nlc3Npb25fZXhwaXJ5cQVLAHUu\n	2012-04-27 17:31:53.740353+06
f8b7da7a1a5fd1c4e7f9a0b7ff7ee684	YTU2MGY2MTU2ZWFmN2M0ZDdmYjAxN2JmYWY4OTU4OGVlODk1NzIxNTqAAn1xAShVEl9hdXRoX3Vz\nZXJfYmFja2VuZHECVSlkamFuZ28uY29udHJpYi5hdXRoLmJhY2tlbmRzLk1vZGVsQmFja2VuZHED\nVQ1fYXV0aF91c2VyX2lkcQRLAlUPX3Nlc3Npb25fZXhwaXJ5cQVLAHUu\n	2012-04-24 17:40:36.625997+06
24bbb93615852d1943c0cbb22d02a7a5	OTlmNzdkNDZiMjlkOWUxMDdmM2Q1YjE0NTJkM2VhM2NiMmJhMjU3NTqAAn1xAShVEl9hdXRoX3Vz\nZXJfYmFja2VuZHECVSlkamFuZ28uY29udHJpYi5hdXRoLmJhY2tlbmRzLk1vZGVsQmFja2VuZHED\nVQ1fYXV0aF91c2VyX2lkcQRLBXUu\n	2012-04-25 11:55:58.902402+06
48fd6709f0fa0b98f1ab646a6342f1b0	ZGYzYWRhNGYzMzA4MDk2ZTk2NGM4YzU2ZTVmMGNiODNhM2M0NGI5YjqAAn1xAShVEl9hdXRoX3Vz\nZXJfYmFja2VuZHECVSlkamFuZ28uY29udHJpYi5hdXRoLmJhY2tlbmRzLk1vZGVsQmFja2VuZHED\nVQ1fYXV0aF91c2VyX2lkcQRLB1UPX3Nlc3Npb25fZXhwaXJ5cQVLAHUu\n	2012-04-21 10:57:58.896901+06
0581be59c29c4ae8f3f8e8daaadc8f9c	ZGUxY2Q0OWI4OWY4ZWY5ZGU3ZDdlZTY3NmViMTViOWQ1M2YzNjNhYzqAAn1xAShVEl9hdXRoX3Vz\nZXJfYmFja2VuZHECVSlkamFuZ28uY29udHJpYi5hdXRoLmJhY2tlbmRzLk1vZGVsQmFja2VuZHED\nVQ1fYXV0aF91c2VyX2lkcQRLBFUPX3Nlc3Npb25fZXhwaXJ5cQVLAHUu\n	2012-04-25 12:18:15.871955+06
1137add6e7d3bcb07f0e04f4500191ff	ZGUxY2Q0OWI4OWY4ZWY5ZGU3ZDdlZTY3NmViMTViOWQ1M2YzNjNhYzqAAn1xAShVEl9hdXRoX3Vz\nZXJfYmFja2VuZHECVSlkamFuZ28uY29udHJpYi5hdXRoLmJhY2tlbmRzLk1vZGVsQmFja2VuZHED\nVQ1fYXV0aF91c2VyX2lkcQRLBFUPX3Nlc3Npb25fZXhwaXJ5cQVLAHUu\n	2012-04-23 12:39:46.57231+06
2d321e85bd334614e0e0300b1af6ff75	YTU2MGY2MTU2ZWFmN2M0ZDdmYjAxN2JmYWY4OTU4OGVlODk1NzIxNTqAAn1xAShVEl9hdXRoX3Vz\nZXJfYmFja2VuZHECVSlkamFuZ28uY29udHJpYi5hdXRoLmJhY2tlbmRzLk1vZGVsQmFja2VuZHED\nVQ1fYXV0aF91c2VyX2lkcQRLAlUPX3Nlc3Npb25fZXhwaXJ5cQVLAHUu\n	2012-04-23 14:28:32.772642+06
70b26153583c630dc5b1287e89b27016	ZGUxY2Q0OWI4OWY4ZWY5ZGU3ZDdlZTY3NmViMTViOWQ1M2YzNjNhYzqAAn1xAShVEl9hdXRoX3Vz\nZXJfYmFja2VuZHECVSlkamFuZ28uY29udHJpYi5hdXRoLmJhY2tlbmRzLk1vZGVsQmFja2VuZHED\nVQ1fYXV0aF91c2VyX2lkcQRLBFUPX3Nlc3Npb25fZXhwaXJ5cQVLAHUu\n	2012-04-28 11:55:06.115248+06
fc0b70eee04538a87155fde434a03628	OWY4MzUxYzYxNDI0MDgyMTJiNGE4YWEwMmY0NzA0NDRkNzU1ZmY2ZTqAAn1xAShVEl9hdXRoX3Vz\nZXJfYmFja2VuZHECVSlkamFuZ28uY29udHJpYi5hdXRoLmJhY2tlbmRzLk1vZGVsQmFja2VuZHED\nVQ1fYXV0aF91c2VyX2lkcQRLDlUPX3Nlc3Npb25fZXhwaXJ5cQVLAHUu\n	2012-04-28 12:28:29.622094+06
92bfbfe180c3145aeb516abe9891bbc8	NjUwNmI0YTkxZjQxNTU0N2IyMWVjYWQ4NTMxMjMxZWRlNzUwMjNkYjqAAn1xAShVEl9hdXRoX3Vz\nZXJfYmFja2VuZHECVSlkamFuZ28uY29udHJpYi5hdXRoLmJhY2tlbmRzLk1vZGVsQmFja2VuZHED\nVQ1fYXV0aF91c2VyX2lkcQRLDFUPX3Nlc3Npb25fZXhwaXJ5cQVLAHUu\n	2012-04-28 16:18:37.323097+06
3315da4b0b8361bb13bcfb6570c9787d	ZDhhNzZhYWFkMGJmNDAzZGQ1YzNmYzg5MmVhNGFmYjI4ZmNjMjU5NzqAAn1xAShVEl9hdXRoX3Vz\nZXJfYmFja2VuZHECVSlkamFuZ28uY29udHJpYi5hdXRoLmJhY2tlbmRzLk1vZGVsQmFja2VuZHED\nVQ1fYXV0aF91c2VyX2lkcQRLC1UPX3Nlc3Npb25fZXhwaXJ5cQVLAHUu\n	2012-04-23 16:54:48.23653+06
d25da8eb04873fd07d50c4aaff9b0d38	YTU2MGY2MTU2ZWFmN2M0ZDdmYjAxN2JmYWY4OTU4OGVlODk1NzIxNTqAAn1xAShVEl9hdXRoX3Vz\nZXJfYmFja2VuZHECVSlkamFuZ28uY29udHJpYi5hdXRoLmJhY2tlbmRzLk1vZGVsQmFja2VuZHED\nVQ1fYXV0aF91c2VyX2lkcQRLAlUPX3Nlc3Npb25fZXhwaXJ5cQVLAHUu\n	2012-04-23 17:48:03.460279+06
0a3b5d96349af93c70ec4ed4a9dbe5bf	NGE1ODFhNDcyMTBiZGExMmE3ZmJkNzg5ZWIwOTU2NTBjYTI3OWZhODqAAn1xAShVEl9hdXRoX3Vz\nZXJfYmFja2VuZHECVSlkamFuZ28uY29udHJpYi5hdXRoLmJhY2tlbmRzLk1vZGVsQmFja2VuZHED\nVQ1fYXV0aF91c2VyX2lkcQRLA3Uu\n	2012-04-28 16:45:32.539244+06
f84d998c06c875cd8db6e6dfc3269cf3	NjUwNmI0YTkxZjQxNTU0N2IyMWVjYWQ4NTMxMjMxZWRlNzUwMjNkYjqAAn1xAShVEl9hdXRoX3Vz\nZXJfYmFja2VuZHECVSlkamFuZ28uY29udHJpYi5hdXRoLmJhY2tlbmRzLk1vZGVsQmFja2VuZHED\nVQ1fYXV0aF91c2VyX2lkcQRLDFUPX3Nlc3Npb25fZXhwaXJ5cQVLAHUu\n	2012-04-23 19:32:01.241316+06
a15dfa5b335166d6633157705d577f45	M2ExMTI3NjY3YTU1ZGIwZWFkY2E2MzViN2JkNjc0NDM5Zjk2MzczYTqAAn1xAVUKdGVzdGNvb2tp\nZXECVQZ3b3JrZWRxA3Mu\n	2012-04-26 14:33:15.323593+06
c8b537a4891897e36699b8f325f8dcd1	OWY4MzUxYzYxNDI0MDgyMTJiNGE4YWEwMmY0NzA0NDRkNzU1ZmY2ZTqAAn1xAShVEl9hdXRoX3Vz\nZXJfYmFja2VuZHECVSlkamFuZ28uY29udHJpYi5hdXRoLmJhY2tlbmRzLk1vZGVsQmFja2VuZHED\nVQ1fYXV0aF91c2VyX2lkcQRLDlUPX3Nlc3Npb25fZXhwaXJ5cQVLAHUu\n	2012-04-24 12:12:51.657544+06
cbc94cc53af9ac99bd5ea4a3d61de402	M2ExMTI3NjY3YTU1ZGIwZWFkY2E2MzViN2JkNjc0NDM5Zjk2MzczYTqAAn1xAVUKdGVzdGNvb2tp\nZXECVQZ3b3JrZWRxA3Mu\n	2012-04-26 16:40:01.654781+06
05c59d8220239881ea070045eb3cc761	ZGYzYWRhNGYzMzA4MDk2ZTk2NGM4YzU2ZTVmMGNiODNhM2M0NGI5YjqAAn1xAShVEl9hdXRoX3Vz\nZXJfYmFja2VuZHECVSlkamFuZ28uY29udHJpYi5hdXRoLmJhY2tlbmRzLk1vZGVsQmFja2VuZHED\nVQ1fYXV0aF91c2VyX2lkcQRLB1UPX3Nlc3Npb25fZXhwaXJ5cQVLAHUu\n	2012-04-30 11:05:37.307686+06
cb846b834dcccc41c3a0cc518d369d02	M2FkNThjYmEwNTFlNGY2OWQyODU4YTNkMzg2MWU5MzJiMGI3ODYyNjqAAn1xAShVEl9hdXRoX3Vz\nZXJfYmFja2VuZHECVSlkamFuZ28uY29udHJpYi5hdXRoLmJhY2tlbmRzLk1vZGVsQmFja2VuZHED\nVQ1fYXV0aF91c2VyX2lkcQRLCHUu\n	2012-04-30 12:25:02.936794+06
72b91b7a3320a366657624ea767c6116	ZGYzYWRhNGYzMzA4MDk2ZTk2NGM4YzU2ZTVmMGNiODNhM2M0NGI5YjqAAn1xAShVEl9hdXRoX3Vz\nZXJfYmFja2VuZHECVSlkamFuZ28uY29udHJpYi5hdXRoLmJhY2tlbmRzLk1vZGVsQmFja2VuZHED\nVQ1fYXV0aF91c2VyX2lkcQRLB1UPX3Nlc3Npb25fZXhwaXJ5cQVLAHUu\n	2012-04-26 17:52:43.444476+06
942e2376575b8da260ab296b5150b165	ZDhhNzZhYWFkMGJmNDAzZGQ1YzNmYzg5MmVhNGFmYjI4ZmNjMjU5NzqAAn1xAShVEl9hdXRoX3Vz\nZXJfYmFja2VuZHECVSlkamFuZ28uY29udHJpYi5hdXRoLmJhY2tlbmRzLk1vZGVsQmFja2VuZHED\nVQ1fYXV0aF91c2VyX2lkcQRLC1UPX3Nlc3Npb25fZXhwaXJ5cQVLAHUu\n	2012-04-30 12:46:40.291494+06
825c1606f68a5c0b78a6cd803f3eb4c5	YTU2MGY2MTU2ZWFmN2M0ZDdmYjAxN2JmYWY4OTU4OGVlODk1NzIxNTqAAn1xAShVEl9hdXRoX3Vz\nZXJfYmFja2VuZHECVSlkamFuZ28uY29udHJpYi5hdXRoLmJhY2tlbmRzLk1vZGVsQmFja2VuZHED\nVQ1fYXV0aF91c2VyX2lkcQRLAlUPX3Nlc3Npb25fZXhwaXJ5cQVLAHUu\n	2012-04-27 10:17:34.405006+06
58f1e8ca9073c96b366527a9c15e90d5	YTU2MGY2MTU2ZWFmN2M0ZDdmYjAxN2JmYWY4OTU4OGVlODk1NzIxNTqAAn1xAShVEl9hdXRoX3Vz\nZXJfYmFja2VuZHECVSlkamFuZ28uY29udHJpYi5hdXRoLmJhY2tlbmRzLk1vZGVsQmFja2VuZHED\nVQ1fYXV0aF91c2VyX2lkcQRLAlUPX3Nlc3Npb25fZXhwaXJ5cQVLAHUu\n	2012-04-27 12:17:41.938946+06
788c2065d80b3aa77aae8e7081ab26af	NjUwNmI0YTkxZjQxNTU0N2IyMWVjYWQ4NTMxMjMxZWRlNzUwMjNkYjqAAn1xAShVEl9hdXRoX3Vz\nZXJfYmFja2VuZHECVSlkamFuZ28uY29udHJpYi5hdXRoLmJhY2tlbmRzLk1vZGVsQmFja2VuZHED\nVQ1fYXV0aF91c2VyX2lkcQRLDFUPX3Nlc3Npb25fZXhwaXJ5cQVLAHUu\n	2012-04-24 16:37:33.213411+06
016f28662584048912a5765556311f6f	M2FkNThjYmEwNTFlNGY2OWQyODU4YTNkMzg2MWU5MzJiMGI3ODYyNjqAAn1xAShVEl9hdXRoX3Vz\nZXJfYmFja2VuZHECVSlkamFuZ28uY29udHJpYi5hdXRoLmJhY2tlbmRzLk1vZGVsQmFja2VuZHED\nVQ1fYXV0aF91c2VyX2lkcQRLCHUu\n	2012-04-24 16:45:46.629372+06
979171d1b938a97bc4b7fd057d359a04	ZTFlNGVhNThiMTQxZjJkZjZkYjU4ZWViYmJhMTFkMzM0NWQ5YzQyNzqAAn1xAShVD19zZXNzaW9u\nX2V4cGlyeXECSwBVEl9hdXRoX3VzZXJfYmFja2VuZHEDVSlkamFuZ28uY29udHJpYi5hdXRoLmJh\nY2tlbmRzLk1vZGVsQmFja2VuZHEEVQ1fYXV0aF91c2VyX2lkcQVLBXUu\n	2012-04-29 12:51:54.110087+06
85ab7408a47443a6c92fc38e3e79803e	NjUwNmI0YTkxZjQxNTU0N2IyMWVjYWQ4NTMxMjMxZWRlNzUwMjNkYjqAAn1xAShVEl9hdXRoX3Vz\nZXJfYmFja2VuZHECVSlkamFuZ28uY29udHJpYi5hdXRoLmJhY2tlbmRzLk1vZGVsQmFja2VuZHED\nVQ1fYXV0aF91c2VyX2lkcQRLDFUPX3Nlc3Npb25fZXhwaXJ5cQVLAHUu\n	2012-04-21 14:34:44.509374+06
2f396667ea849db838e887b5b037febc	YTU2MGY2MTU2ZWFmN2M0ZDdmYjAxN2JmYWY4OTU4OGVlODk1NzIxNTqAAn1xAShVEl9hdXRoX3Vz\nZXJfYmFja2VuZHECVSlkamFuZ28uY29udHJpYi5hdXRoLmJhY2tlbmRzLk1vZGVsQmFja2VuZHED\nVQ1fYXV0aF91c2VyX2lkcQRLAlUPX3Nlc3Npb25fZXhwaXJ5cQVLAHUu\n	2012-04-22 15:12:23.546055+06
fca63f23f4a98cb1b2d461b9bc59ece0	ZGUxY2Q0OWI4OWY4ZWY5ZGU3ZDdlZTY3NmViMTViOWQ1M2YzNjNhYzqAAn1xAShVEl9hdXRoX3Vz\nZXJfYmFja2VuZHECVSlkamFuZ28uY29udHJpYi5hdXRoLmJhY2tlbmRzLk1vZGVsQmFja2VuZHED\nVQ1fYXV0aF91c2VyX2lkcQRLBFUPX3Nlc3Npb25fZXhwaXJ5cQVLAHUu\n	2012-04-22 16:40:41.627404+06
408a6fc26c879c0c693c751b865b6f44	OWY4MzUxYzYxNDI0MDgyMTJiNGE4YWEwMmY0NzA0NDRkNzU1ZmY2ZTqAAn1xAShVEl9hdXRoX3Vz\nZXJfYmFja2VuZHECVSlkamFuZ28uY29udHJpYi5hdXRoLmJhY2tlbmRzLk1vZGVsQmFja2VuZHED\nVQ1fYXV0aF91c2VyX2lkcQRLDlUPX3Nlc3Npb25fZXhwaXJ5cQVLAHUu\n	2012-04-21 15:07:04.624129+06
5f40c879a452e812169faa1fac3de2fb	MmU0MzNkZDE5ZjBjNTRjZTAzYTVhZGYzNmJkNjBhNjBkYTIyMDNhNjqAAn1xAShVD19zZXNzaW9u\nX2V4cGlyeXECSwBVDV9hdXRoX3VzZXJfaWRxA0sMVRJfYXV0aF91c2VyX2JhY2tlbmRxBFUpZGph\nbmdvLmNvbnRyaWIuYXV0aC5iYWNrZW5kcy5Nb2RlbEJhY2tlbmRxBXUu\n	2012-04-25 18:42:45.126231+06
bafc6130c4f244805df5bd0ab28d8802	OWY4MzUxYzYxNDI0MDgyMTJiNGE4YWEwMmY0NzA0NDRkNzU1ZmY2ZTqAAn1xAShVEl9hdXRoX3Vz\nZXJfYmFja2VuZHECVSlkamFuZ28uY29udHJpYi5hdXRoLmJhY2tlbmRzLk1vZGVsQmFja2VuZHED\nVQ1fYXV0aF91c2VyX2lkcQRLDlUPX3Nlc3Npb25fZXhwaXJ5cQVLAHUu\n	2012-04-25 18:45:02.525333+06
1b2c139c60bb371cff2782412567a66a	ZGYzYWRhNGYzMzA4MDk2ZTk2NGM4YzU2ZTVmMGNiODNhM2M0NGI5YjqAAn1xAShVEl9hdXRoX3Vz\nZXJfYmFja2VuZHECVSlkamFuZ28uY29udHJpYi5hdXRoLmJhY2tlbmRzLk1vZGVsQmFja2VuZHED\nVQ1fYXV0aF91c2VyX2lkcQRLB1UPX3Nlc3Npb25fZXhwaXJ5cQVLAHUu\n	2012-04-23 17:02:12.028868+06
6d0e844770d6edd902b9b765e195b9bd	YTU2MGY2MTU2ZWFmN2M0ZDdmYjAxN2JmYWY4OTU4OGVlODk1NzIxNTqAAn1xAShVEl9hdXRoX3Vz\nZXJfYmFja2VuZHECVSlkamFuZ28uY29udHJpYi5hdXRoLmJhY2tlbmRzLk1vZGVsQmFja2VuZHED\nVQ1fYXV0aF91c2VyX2lkcQRLAlUPX3Nlc3Npb25fZXhwaXJ5cQVLAHUu\n	2012-04-21 17:46:39.5757+06
ddd1acb6f9df6a4ae31f4071b181b1f3	M2ExMTI3NjY3YTU1ZGIwZWFkY2E2MzViN2JkNjc0NDM5Zjk2MzczYTqAAn1xAVUKdGVzdGNvb2tp\nZXECVQZ3b3JrZWRxA3Mu\n	2012-04-26 15:54:59.693239+06
ea07cff40a867dbb95f316e6c60a6b04	NjUwNmI0YTkxZjQxNTU0N2IyMWVjYWQ4NTMxMjMxZWRlNzUwMjNkYjqAAn1xAShVEl9hdXRoX3Vz\nZXJfYmFja2VuZHECVSlkamFuZ28uY29udHJpYi5hdXRoLmJhY2tlbmRzLk1vZGVsQmFja2VuZHED\nVQ1fYXV0aF91c2VyX2lkcQRLDFUPX3Nlc3Npb25fZXhwaXJ5cQVLAHUu\n	2012-04-26 18:18:10.802569+06
6dbd863bc0af796149692edd168c5cf7	OGU1MjQwMDE5NTA1NjU1N2ZhMzhiMGEzMTZmMTAxNDM0NDhkMmE0YjqAAn1xAShVEl9hdXRoX3Vz\nZXJfYmFja2VuZHECVSlkamFuZ28uY29udHJpYi5hdXRoLmJhY2tlbmRzLk1vZGVsQmFja2VuZHED\nVQ1fYXV0aF91c2VyX2lkcQRLCnUu\n	2012-04-27 14:00:37.812556+06
\.


--
-- Data for Name: django_site; Type: TABLE DATA; Schema: public; Owner: sails
--

COPY django_site (id, domain, name) FROM stdin;
1	example.com	example.com
\.


--
-- Data for Name: south_migrationhistory; Type: TABLE DATA; Schema: public; Owner: sails
--

COPY south_migrationhistory (id, app_name, migration, applied) FROM stdin;
1	website	0001_initial	2011-07-26 10:56:09+06
2	website	0002_auto__add_field_order_comment	2011-07-27 12:14:20+06
3	website	0003_auto__del_field_payment_checked__add_field_payment_checked_by	2011-07-28 08:21:09+06
4	website	0004_auto__add_paymenttype__add_field_payment_payment_type	2012-04-01 17:28:08.423248+06
5	website	0005_auto__del_field_payment_payment_type	2012-04-01 17:30:25.366373+06
6	website	0006_auto__add_field_payment_payment_type	2012-04-01 17:33:01.445065+06
7	website	0007_auto__del_paymenttype__del_field_payment_payment_type	2012-04-01 17:33:01.449065+06
8	website	0008_auto__add_paymenttype__add_field_payment_payment_type	2012-04-01 17:33:27.833065+06
9	website	0009_auto__add_field_settings_firm__add_field_settings_n_pay__add_field_set	2012-04-04 15:27:15.329665+06
10	website	0010_auto__add_field_payment_n_pay	2012-04-04 15:32:09.884041+06
\.


--
-- Data for Name: website_country; Type: TABLE DATA; Schema: public; Owner: sails
--

COPY website_country (id, name) FROM stdin;
1	Абхазия
2	Австралия
3	Австрия
4	Андорра
5	Аргентина
6	Армения
7	Белорусия
8	Бельгия
9	Болгария
10	Бразилия
11	Великобритания
12	Венгрия
13	Вьетнам
14	Германия
15	Греция
16	Грузия
17	Доминикана
18	Египет
19	Израиль
20	Индия
21	Индонезия
22	Иордания
23	Исландия
24	Испания
25	Италия
26	Казахстан
27	Кипр
28	Китай
29	Куба
30	Латвия
31	Маврикий
32	Малайзия
33	Мальдивы
34	Мальта
35	Мексика
36	Молдавия
37	Нигерия
38	Нидерланды
39	Норвегия
40	ОАЭ
41	Португалия
42	Россия
44	Сейшелы
45	Сербия
46	Сингапур
47	Словакия
43	США
48	Таджикистан
49	Таиланд
50	Тунис
51	Турция
52	Узбекистан
53	Украина
54	Филиппины
55	Финляндия 
56	Франция
57	Хорватия
58	Черногория
59	Чехия
60	Швейцария
61	Швеция
62	Шри Ланка
63	ЮАР
64	Ямайка
65	Япония
\.


--
-- Data for Name: website_currency; Type: TABLE DATA; Schema: public; Owner: sails
--

COPY website_currency (id, name, code) FROM stdin;
3	EUR	&euro;
2	USD	$
1	Рубль	р
\.


--
-- Data for Name: website_office; Type: TABLE DATA; Schema: public; Owner: sails
--

COPY website_office (id, name) FROM stdin;
5	МАЛЫШЕВА, 56 НАТАЛИ ТУРС
1	ПУШКИНА, 8 НАТАЛИ ТУРС
6	БЕЛИНСКОГО, 78 ПЕГАС ТУРИСТИК
4	ПУШКИНА, 7 МГП
\.


--
-- Data for Name: website_oper; Type: TABLE DATA; Schema: public; Owner: sails
--

COPY website_oper (id, name) FROM stdin;
4	Adriyatik
1	ALTO SOL
5	Ambotis Tours Service
6	Anex Tour
7	Ankor
2	ANTIL Gran Pac Services
8	Ascent Travel
3	AVS Форсаж Плюс
11	Breeze Line
9	BSI Group
10	BTA Group
12	Coral Travel
14	Danko Travel
15	De Visu
16	Delta
17	Diva Travel
13	DSBW-Tours
18	Egotourism
19	Evroport
20	Express Line
21	ICS Travel Group
25	Intourist
22	INTRAVEL Stolehniki
23	ITC
24	ITM group
26	Lagina Travel
27	MC Travel
28	MoreTravel
29	Mostravel
30	Mouzenidis Travel
31	Natalie Tours
32	On Travel
33	PAC Group
34	Pegas Touristik
35	ROSTRAVEL
36	RTI
37	S7 Tour
38	SOLTOUR
39	Space Travel
40	Spectrum
41	Sunmar
42	Sunrise Tour
44	Tez Tour
43	TRAVELSYSTEM
45	Troyka Travel
46	UTE Megapolus
48	Vam Tour
49	Vedi Tour Group
50	Vilar Tours
47	VKO Travel
51	WEST-LINE TRAVEL
53	Аврора Интур
54	Адриатик-Тур
55	Алеан
56	Америка Трэвэл
57	Амиго-С
58	Амиго-Турс
52	АРТ-ТУР
59	Астравел
60	Балкан-экспресс
61	Библио Глобус
62	ВАНД ИНТЕРНЭШНЛ ТУР
64	Верса
63	ВЕСТ ТРЕВЕЛ
65	Время-Тур
66	Глобус-тур
68	Гранд-Экспресс
67	Гранд Тур вояж
69	Дарим Вам Мир
70	Дельфин
71	Джет Тревел
72	Зевс трэвел
73	Инарт Вояж
74	Инна Тур
75	ИнтАэр
76	Интерюнион
78	Капитан Грант
79	Карибский Клуб
77	КВИНТА-ТУР
80	Коннайсанс
81	Лабиринт
82	Ланта-тур
84	Мальдивиана
85	МегаДиалог
86	Меридиан Экспресс
83	МУЛЬТИТУР
87	Нева
88	Норд
89	Нувель Транс
90	ОРИЕНТ
91	Охотник
92	ПАКС
93	ПАНТЕОН-ТРЭВЕЛ
94	Пегас-Тур
95	Роза Ветров
96	Русский экспресс
97	Русь-Тур
98	СИАТТ
99	Солвекс
101	Трансаэро Тур
102	Тур Парад
100	ТУРТРАНС-ВОЯЖ
103	Фонд Мира
104	Эрцог
107	Юго-Стар
105	ЮЖЕЛ
106	ЮЖНЫЙ КРЕСТ
108	Flydubai
\.


--
-- Data for Name: website_order; Type: TABLE DATA; Schema: public; Owner: sails
--

COPY website_order (id, staff_id, dt_mod, tourist, country_id, dt_in, oper_id, order_value, currency_id, comment) FROM stdin;
57	11	2012-01-24 15:11:50.069813+06	Купраш  Александра Ивановна	40	2012-04-11	31	577.0000	2	
20	8	2011-11-27 14:49:09.512706+06	Зеленецкий	40	2011-11-27	31	422.0000	2	Билет Флай Дубай+ виза
21	8	2011-11-27 14:51:40.541232+06	Зеленецкий	40	2011-12-07	31	422.0000	2	
22	10	2011-11-25 11:38:52+06	Галактионова Мария Егоровна 	40	2011-12-24	31	984.1500	2	
23	10	2011-11-29 13:36:10.004861+06	Мельникова  Татьяна Александровна 	40	2011-12-10	31	3358.0000	2	
24	12	2011-11-29 15:51:42.600219+06	МУХАЧЕВ ДМИТРИЙ	49	2012-01-01	31	3992.0000	2	
25	12	2011-11-30 11:07:43.69732+06	МУХАЧЕВ ДМИТРИЙ	49	2012-01-01	31	3833.0000	2	ВЕРНАЯ ЗАЯВКА
26	12	2011-11-30 11:09:03.313671+06	МУХАЧЕВ ДМИТРИЙ	49	2012-01-01	31	3833.0000	2	
27	11	2011-12-06 12:18:33.14212+06	Касков Виктор Геннадьевич	35	2012-03-15	31	6268.0000	2	
28	10	2011-12-06 12:34:38.936616+06	Щепеткина Юлия Васильевна 	49	2011-12-30	31	13787.0000	2	
29	9	2011-12-06 14:23:12.965498+06	Шерстенников Игорь Васильевич	17	2011-12-25	31	4851.5500	2	В прошлом году остались должны туристу 10466
30	8	2011-12-08 11:12:24.780611+06	Шарапов  Иван Васильевич	49	2011-12-30	31	70000.0000	2	
31	8	2011-12-08 15:33:30.91869+06	САДЫКОВА ТАТЬЯНА ВЛАДИМИРОВНА	18	2011-12-17	31	50810.0000	2	
32	8	2011-12-08 15:37:51.191843+06	САДЫКОВА ТАТЬЯНА ВЛАДИМИРОВНА	18	2011-12-17	31	1590.3000	2	
33	11	2011-12-09 11:26:54.571685+06	Резванова Екатерина Владимировна	40	2011-12-17	31	4567.6000	2	
34	9	2011-12-09 18:45:06.432643+06	Некрасов Юрий Александрович	18	2011-12-16	34	1069.6800	2	
35	8	2011-12-12 10:52:13.070063+06	Ананьев Кирилл Владимировна	29	2012-01-10	31	3661.0000	2	
36	11	2011-12-15 12:48:35.593073+06	Труханов Владислав Владимирович	49	2012-01-28	31	9208.0000	2	
37	9	2011-12-21 11:58:15.257096+06	Жураховский Владимир	49	2012-01-04	31	4359.0000	2	
38	10	2011-12-27 18:24:51.25777+06	Бойкачев 	49	2012-01-01	31	5473.0000	2	
39	10	2011-12-29 10:33:19.67257+06	Лямбель  Инга  Николаевна 	49	2012-01-25	31	4947.0000	2	
40	10	2012-01-12 18:03:00.781876+06	ЗАЯКИН ОЛЕГ ВАДИМОВИЧ 	49	2012-01-20	31	4519.0000	2	
41	11	2012-01-12 18:13:06.961759+06	Захарова Ольга Сергеевна	18	2012-02-04	31	1029.0000	2	
42	10	2012-01-14 12:11:55.095905+06	Савин Сергей Владимирович 	49	2012-01-14	31	4804.0000	2	
43	9	2012-01-14 12:22:45.502151+06	Щербакова Елена	18	2012-01-11	31	378.0000	2	
44	9	2012-01-14 12:25:24.969667+06	Кренц Татьяна Дмитриевна	40	2012-01-14	31	2288.4900	2	
45	10	2012-01-16 12:40:38.748843+06	Подкорытова  Лидия Ивановна 	49	2012-02-01	31	4490.6800	2	
46	12	2012-01-17 11:29:38.814355+06	ОВЧИННИКОВА ЛЮДМИЛА ИВАНОВНА	40	2012-02-01	31	1575.0000	2	
47	9	2012-01-17 11:31:40.029721+06	Лыткина Елена Владиславовна	25	2012-01-28	31	226.5400	3	
48	12	2012-01-18 11:16:27.949287+06	СИМОНОВА ТАТЬЯНА ВЛАДИМИРОВНА	40	2012-02-04	31	3242.0400	2	
49	10	2012-01-20 15:47:17.841713+06	ПЕСТЕЛЬКОРЗ	65	2012-09-27	71	5000.0000	2	ПОСТАВЛЕНА СОЛДАТЕНКО\r\nТЕЛ 89999988888
50	18	2012-01-23 13:32:53.293122+06	СОЛДАТЕНКО	51	2012-02-26	55	1500.0000	2	
51	8	2012-01-24 10:52:22.233482+06	Пуйка Алия Алфитовна	49	2012-02-06	31	3313.0000	2	
52	10	2012-01-24 12:34:09.813245+06	Русских Елена Викторовна 	27	2012-06-06	31	3281.0000	3	т. 8-912-67-68-332
53	10	2012-01-24 12:38:39.804047+06	Аббасов Талех Саманд Оглы	49	2012-02-04	31	4818.0000	2	
54	10	2012-01-24 12:42:16.935333+06	Баева Тамара Валентиновна 	49	2012-02-22	31	3815.0000	2	
55	10	2012-01-24 12:47:41.645886+06	Суслов Сергей Владимирович 	40	2012-02-08	31	3839.0000	2	
56	11	2012-01-24 14:58:31.267256+06	Новикова Ольга Васильевна	40	2012-02-18	31	577.0000	2	flu dubai RAP1JR  + дополнительно виза 2733 руб\r\n\r\nтел.89221076680
58	11	2012-01-24 15:20:01.069175+06	Коршунова Жанна Юрьевна	40	2012-04-28	31	1154.0000	2	
60	8	2012-01-25 18:14:49.746886+06	Изместьева Светлана	49	2012-02-01	31	1857.0000	2	
61	8	2012-01-25 18:17:20.218373+06	Лутошкин Антон Михайлович	20	2012-02-11	34	3033.0000	3	
62	19	2012-01-26 11:09:43.829104+06	Гарифуллин Дамир Хамбалович	25	2012-02-19	31	1881.0000	3	
63	9	2012-01-26 11:56:15.481838+06	Ваганов Владимир Викторович	49	2012-02-22	31	6763.0000	2	
64	12	2012-01-26 13:10:49.590784+06	ХАРИТОНОВА НАТАЛЬЯ АЛЕКСАНДРОВНА	40	2012-03-21	108	3538.6700	2	
65	12	2012-01-26 13:16:16.481832+06	ПУРГИНА ЕКАТЕРИНА	40	2012-02-04	31	963.0000	2	8-909-020-3009
66	9	2012-01-26 15:05:00.98418+06	Абросимов Иван	40	2012-01-28	31	7380.0000	2	агентство "паспарту"
68	9	2012-01-26 16:22:23.975741+06	Курлынова Оксана	40	2012-01-28	108	343.0000	2	89222102438\r\nQ3NNMJ
69	9	2012-01-26 16:38:26.777112+06	Михайлова Елена Михайловна	40	2012-01-28	108	1913.0000	2	89826419657\r\nQ0YTR5\r\n+2 визы
70	9	2012-01-26 16:46:23.951897+06	Мамонтова Людмила Борисовна	40	2012-01-28	108	722.0000	2	89126661285, 9193726508\r\n96JLGQ+ВИЗА ОТ 23.01
71	9	2012-01-26 16:56:23.038352+06	Горшунова Елена	40	2012-02-11	108	1807.0000	2	RWIHQ6 ОТ 25.01\r\n89090154575
72	11	2012-01-26 17:54:51.755612+06	Лекомцев Борис Алексеевич	40	2012-02-18	31	1155.8000	2	
73	8	2012-01-27 16:36:06.397272+06	Яковлева Ирина Леонидовна	40	2012-02-04	31	806.0000	2	89501937549
74	12	2012-01-28 16:06:18.284904+06	ВЕРЕТНОВ ВЛАДИМИР	40	2012-03-21	31	4458.0000	2	
75	10	2012-01-28 16:29:51.863987+06	Ямполь  Алла Валентиновна 	49	2012-02-22	31	5297.0000	2	
76	10	2012-01-28 16:35:22.038919+06	Абрамова Ольга Викторовна 	25	2012-03-17	31	1784.0000	3	
59	10	2012-01-25 11:58:10+06	Ерпалова Анастасия Олеговна 	49	2012-02-10	31	2852.0000	2	
77	10	2012-01-28 16:40:26+06	Татаринова Елена Николаевна 	25	2012-06-16	31	2105.0000	3	
79	11	2012-01-31 17:59:24.362029+06	Бойко Лариса Николаевна	49	2012-03-02	31	2635.3000	2	
80	9	2012-02-01 19:16:00.899469+06	Михайлова Наталья	40	2012-02-08	31	1964.5800	2	
78	11	2012-01-30 14:17:46+06	Гурин Сергей Николаевич	49	2012-02-08	31	1550.4000	2	
81	9	2012-02-01 19:18:09.358941+06	Штубова Елена Валентиновна	3	2012-03-07	31	622.0000	3	
82	9	2012-02-01 19:19:46.182415+06	Иванов Павел Максимович	18	2012-02-06	31	2946.0000	2	
83	8	2012-02-02 10:15:21.532168+06	Шершов Максим	4	2012-03-10	31	244.0000	3	
84	8	2012-02-02 13:09:13.614628+06	Волкова Римма Яннатхановна	40	2012-02-22	31	321.0000	2	
85	17	2012-02-04 12:30:12.123318+06	Чучумов Николай	49	2012-04-14	31	1361.0000	2	
86	11	2012-02-04 14:46:29.004377+06	Горных Дмитрий Владимирович	3	2012-02-11	33	2292.0000	3	
87	11	2012-02-04 15:17:09.563678+06	Густокашина Надежда Анатольевна	49	2012-03-03	31	2509.0000	2	
88	10	2012-02-04 16:08:36.633025+06	Жернаков  Сергей 	25	2012-07-14	31	2528.0000	3	
89	10	2012-02-06 12:38:26.455749+06	Шахалевич Юлия  Михайловна 	49	2012-03-14	31	8309.0000	2	
90	9	2012-02-06 14:28:30.956936+06	Щеголева Ирина	40	2012-02-11	108	3031.0000	2	
91	18	2012-02-06 17:39:04.793686+06	KOSTINA ANASTASIA	18	2012-02-18	31	2512.8000	2	
92	9	2012-02-06 18:00:06.47307+06	Голикова Анна	49	2012-02-29	31	2208.0000	2	
93	9	2012-02-07 15:24:25.78653+06	Горшунова Елена	40	2012-03-17	108	593.0000	2	
94	9	2012-02-07 19:15:41.557273+06	Швейкин Анатолий	40	2012-02-18	31	3923.0000	2	
95	10	2012-02-08 18:45:04.227554+06	Ильина Дарья Алексеевна 	40	2012-02-25	31	1854.0000	2	8-909-00-94846
96	11	2012-02-09 18:40:32.115713+06	Калинин Владимир Витальевич	40	2012-02-18	108	579.2000	2	
97	10	2012-02-10 11:02:40.161054+06	Хохотва Ольга Николаевна	40	2012-02-18	108	100.0000	2	
98	10	2012-02-10 12:27:26.188872+06	Брилах Ольга Михайловна 	25	2012-06-23	31	3149.0000	3	
99	9	2012-02-10 18:31:06.437787+06	Ляпина Елена Сергеевна	40	2012-02-22	108	581.0000	2	
100	10	2012-02-11 12:24:37.701669+06	Хамитов Руслан 	49	2012-02-22	31	2009.0000	2	8-922-617-42-48
101	11	2012-02-11 15:19:10.805987+06	Кузнецова Татьяна Александровна	40	2012-02-25	31	1862.0000	2	
102	17	2012-02-11 16:36:34.769552+06	Мартюшев Леонид Михайлович	49	2012-03-03	31	4066.0000	2	
103	9	2012-02-11 17:02:21.892452+06	Парфутская Ольга	40	2012-02-18	108	666.0000	2	
105	8	2012-02-13 13:23:46.242708+06	Оташевич Диана Викторовна	49	2012-03-17	31	3108.0000	2	
106	8	2012-02-13 19:04:10.444407+06	Фирцева Мария	49	2012-03-02	31	3118.0000	2	
107	19	2012-02-14 11:35:03.893552+06	Быков Сергей Владимирович	25	2012-03-10	33	1045.3000	3	
108	9	2012-02-14 16:28:22.877611+06	Горенкова Людмила Петровна	24	2012-03-16	31	1282.0000	3	
109	9	2012-02-14 16:58:02.52973+06	Сухенко Наталья	40	2012-03-31	108	1162.0000	2	
110	16	2012-02-14 18:50:22.593841+06	Чежин Андрей Вячеславович	24	2012-03-23	31	3930.0000	3	
111	18	2012-02-16 12:14:35.30532+06	Калинина Татьяна Николаевна	15	2012-02-25	13	1320.0000	3	
112	11	2012-02-16 14:28:15.254349+06	Альшевских Елена Леонидовна	40	2012-03-17	31	200.0000	2	
113	10	2012-02-16 16:20:19.101037+06	Дарманов Алексей  Борисович 	40	2012-04-18	108	4629.0000	2	
114	11	2012-02-16 18:52:03.062106+06	Медведева Анастасия Владимировна	40	2012-03-17	31	2353.0000	2	
115	10	2012-02-17 13:00:55.229218+06	Гиренком Николай  	40	2012-03-17	108	1244.0000	2	
116	8	2012-02-17 15:26:53.542751+06	Гончаров	40	2012-04-11	108	825.0000	2	
117	11	2012-02-18 13:31:00.173105+06	Комарова Анна Сергеевна	49	2012-06-07	31	3710.7000	2	
118	10	2012-02-20 11:31:55.320004+06	Стенина Жанна 	15	2012-06-01	31	3868.0000	3	
119	11	2012-02-21 13:23:23.391871+06	Михайлов Алексей Михайлович	40	2012-02-22	108	707.0000	2	
120	9	2012-02-21 17:44:37.842632+06	Щетина Лариса	40	2012-02-22	108	1188.0000	2	
121	10	2012-02-21 18:17:26.556018+06	Антонов  Сергей 	15	2012-08-09	31	3865.0000	3	ООО Диамант 
122	10	2012-02-21 18:27:23.362108+06	Шабалин Николай 	49	2012-05-12	31	2052.0000	2	
123	9	2012-02-22 11:51:28.95987+06	Никишов Дмитрий	40	2012-03-10	108	100.0000	2	
124	10	2012-02-22 12:17:49.746613+06	Малмыгин Юрий Викторович 	49	2012-03-10	31	5050.0000	2	
125	9	2012-02-22 17:25:19.826016+06	Козловская Наталья	40	2012-03-28	108	3816.0000	2	
126	19	2012-02-22 18:26:05.744425+06	Кислицына Валерия Дмитриевна	40	2012-03-03	108	791.4400	2	
127	19	2012-02-22 18:30:05.488163+06	Долгих Лариса Лаврентьевна	49	2012-03-04	44	2483.0000	2	
128	9	2012-02-22 18:34:08.963898+06	Бондарев Павел	40	2012-03-07	31	3154.0000	2	
129	9	2012-02-24 12:31:33.969507+06	Виноградова Галина	40	2012-03-28	31	2953.0000	2	
130	8	2012-02-24 17:55:06.675979+06	Измайлов Мурат	24	2012-03-09	31	6040.0000	3	
131	9	2012-02-25 11:36:47.411553+06	Кадников Дмитрий Евгеньевич	27	2012-05-26	31	3378.0000	3	
132	11	2012-02-25 11:43:55.63869+06	Шептун Константин Владимирович	49	2012-02-24	12	960.0000	2	
134	11	2012-02-25 12:02:05.908722+06	Зуева Наталья Анатольевна	24	2012-06-13	31	2905.0000	3	
135	10	2012-02-25 13:36:28.062838+06	Овчинникова Ксения Александровна 	49	2012-03-10	31	2570.0000	2	
136	10	2012-02-25 14:32:28.880765+06	Парунина Зинаида Александровна 	49	2012-03-21	31	3974.0000	2	
137	10	2012-02-25 14:35:02.868461+06	Святохо Роза Галихановна 	40	2012-03-10	31	2137.0000	2	
138	9	2012-02-25 15:13:09.791045+06	Панфилова Анастасия	25	2012-04-25	31	875.0000	3	
139	12	2012-02-25 17:45:30.159338+06	ЕЖЕЛЕВА ТАТЬЯНА	49	2012-03-24	31	4652.0000	2	
140	12	2012-02-27 13:02:55.475306+06	ПАЛЬКИНА ИРИНА МИХАЙЛОВНА	15	2012-08-21	31	4163.6500	3	
141	9	2012-02-27 17:12:13.602265+06	Савельева Юлия	40	2012-03-03	31	1353.0000	2	
142	11	2012-02-28 18:24:29.26452+06	Вострикова Светлана Владимировна	24	2012-06-22	31	2326.0000	3	
143	10	2012-02-28 18:37:56.7794+06	Петров Евгений  Евгеньевич 	40	2012-03-17	108	500.0000	2	
144	9	2012-02-28 19:26:27.167692+06	Ильяшенко Бела	40	2012-03-10	31	2274.0000	2	
145	19	2012-02-29 13:58:48.598498+06	Кравцова Дарья Сергеевна	18	2012-03-18	44	1784.0000	2	
146	12	2012-02-29 18:55:46.961317+06	ЛИСОВСКАЯ ОЛЬГА	18	2012-03-05	31	1465.0000	2	
147	10	2012-03-01 10:30:10.875581+06	Решетникова Юлия Петровна 	24	2012-08-25	31	7547.0000	3	
133	11	2012-02-25 11:57:36+06	Леготина Наталья Николаевна	24	2012-06-13	31	3582.0000	3	
148	10	2012-03-01 11:03:33.165161+06	Кудрявцев Сергей Петрович 	40	2012-03-07	108	1946.0000	2	
149	11	2012-03-01 18:44:34.274131+06	Устинов Иван Сергеевич	51	2012-07-10	31	1689.0000	2	
150	11	2012-03-02 13:14:24.054571+06	Трапезникова Алла Николаевна	40	2012-04-07	31	2283.0000	2	
151	11	2012-03-02 16:36:54.846352+06	Михайлова Елизавета Алексеевна	40	2012-03-31	108	842.0000	2	
152	8	2012-03-02 18:18:35.781888+06	Велижанина Татьяна Николаевна	25	2012-06-23	31	1895.0000	3	
154	11	2012-03-03 18:32:03.927199+06	Аникина Наталья Владимировна	49	2012-03-24	31	4514.0000	2	
155	16	2012-03-04 13:38:25.389709+06	Камчатова Татьяна Валерьевна	18	2012-03-10	31	2374.0000	2	
156	10	2012-03-05 11:34:57.309585+06	Ситдикова Татьяна  Ивановна 	27	2012-06-23	31	4646.0000	3	
157	10	2012-03-05 11:40:44.14037+06	Солдатова Ирина Андреевна 	40	2012-03-28	108	842.0000	2	
158	11	2012-03-05 14:31:50.679794+06	Мендияров Фанаис Фаизович	49	2012-04-18	31	2492.0000	2	
159	10	2012-03-05 14:35:18.078821+06	Горбунова Раиса Юрьевна 	49	2012-03-14	31	1313.0000	2	
160	10	2012-03-05 16:12:34.709478+06	Иваничкина Кира 	40	2012-03-07	108	558.0000	2	
153	11	2012-03-06 17:14:31+06	Любар Светлана Александровна	15	2012-07-19	31	2714.0000	3	
161	12	2012-03-06 17:28:38.090516+06	ОСИПЯН ЕКАТЕРИНА	49	2012-03-24	31	6400.0000	2	
162	11	2012-03-06 17:51:22.031355+06	Сидоров Александр Сергеевич	40	2012-03-28	31	200.0000	2	
164	9	2012-03-07 12:15:46.946792+06	Моисеенко Людмила Васильевна	49	2012-04-11	31	2197.0000	2	
165	19	2012-03-07 13:00:05.416311+06	Куприянов Владимир Александрович	40	2012-03-17	31	8094.0000	2	
104	11	2012-02-12 13:06:51+06	Зуева Лидия Юрьевна	24	2012-06-02	31	6673.0000	3	
166	16	2012-03-09 15:16:58.718328+06	Вилькевич Владимир Владимирович	40	2012-03-28	31	986.8400	2	
167	19	2012-03-09 16:47:30.939671+06	Ткаченко	17	2012-03-17	31	11050.0000	2	
168	12	2012-03-10 12:20:26.680929+06	МЕХЕДОВА НАДЕЖДА	27	2012-04-28	31	1339.0000	3	
169	8	2012-03-10 14:28:35.91047+06	Фролова Дина 	24	2012-06-27	31	3147.0000	3	
171	19	2012-03-11 11:28:30.48092+06	Мазуркевич Сергей	40	2012-03-10	108	1572.0000	2	
172	19	2012-03-11 11:29:22.820733+06	Мазуркевич Сергей	40	2012-03-10	108	1572.0000	2	
173	12	2012-03-11 13:06:54.308579+06	ПУПКОВ АНДРЕЙ	24	2012-06-09	31	2959.0000	3	
170	8	2012-03-06 14:34:06+06	Шерстянникова Юлия Евгеньевна	40	2012-03-28	31	4575.0000	2	
175	10	2012-03-11 16:09:47.228766+06	Галлиулин Альберт Хафисеянович 	49	2012-04-25	31	2459.0000	2	
176	11	2012-03-12 12:32:11.843779+06	Трубников Михаил Вячеславович	40	2012-04-14	31	6040.0000	2	
177	12	2012-03-12 13:36:10.337368+06	МЕЛЬНИКОВ МИХАИЛ	25	2012-06-09	31	1409.0000	3	
174	11	2012-03-11 14:32:41+06	Лалыко Анастасия Валерьевна	35	2012-04-26	31	9743.0000	2	
178	12	2012-03-12 18:19:14.810835+06	ПОЛОГУБИНА ОКСАНА	24	2012-07-27	31	1641.3500	3	
179	19	2012-03-13 15:54:56.96255+06	Грамолина Мария	24	2012-07-13	31	3802.0000	3	
180	11	2012-03-14 11:44:23.873729+06	Кравченко Анастасия Валерьевна	40	2012-04-28	108	3089.8000	2	
181	9	2012-03-15 10:44:56.676565+06	Мельников Андрей	40	2012-04-04	108	666.0000	2	
182	17	2012-03-15 11:05:58.797051+06	Гинзбург Алексей Геннадьевич	27	2012-06-06	31	2045.0000	3	
183	19	2012-03-15 14:38:09.70867+06	Скуков Максим	25	2012-04-08	19	1140.0000	3	
184	9	2012-03-15 17:19:11.545963+06	Веденева Вера	40	2012-04-11	31	425.0000	2	
185	8	2012-03-15 17:22:55.689164+06	Васильева Нина	49	2012-05-12	31	4867.0000	2	
186	17	2012-03-16 10:44:41.077439+06	Манина Марина Валерьевна	24	2012-06-06	31	1894.0000	3	
187	16	2012-03-16 12:43:11.884787+06	Меньшова Дарья Сергеевна	40	2012-03-31	31	100.0000	2	
188	12	2012-03-16 13:31:37.214514+06	ФЕДОРОВА ЕЛЕНА	15	2012-08-21	31	1643.8000	3	
189	16	2012-03-16 17:46:19.274424+06	Кислицина Людмила Владимировна	40	2012-03-17	108	292.0600	2	
190	8	2012-03-17 12:33:52.608477+06	Коновалова Лариса Анатольевна	49	2012-04-28	31	7553.0000	2	
191	17	2012-03-17 12:56:42.532789+06	Виляйкин Дмитрий Владимирович	25	2012-06-16	31	2056.0000	3	
192	9	2012-03-17 14:16:43.838837+06	Плинер Лев	40	2012-04-21	31	300.0000	2	
193	17	2012-03-17 14:55:20.459804+06	Денисов Алексей Валерьевич	24	2012-06-22	31	3805.0000	3	
194	8	2012-03-17 16:10:51.132144+06	Попова Татьяна Николаевна	24	2012-06-09	31	4028.0000	3	
195	11	2012-03-17 16:56:41.63408+06	Овчарова Светлана Юрьевна	24	2012-06-08	31	4205.0000	3	
196	12	2012-03-18 11:27:36.908025+06	ГРИГОРЬЕВ ИГОРЬ	24	2012-07-27	31	2992.0000	3	
197	19	2012-03-18 12:04:56.305591+06	Куприянов Владимир Александрович	40	2012-03-17	31	8094.0000	2	
198	9	2012-03-18 13:12:27.500426+06	Бабаков Андрей	25	2012-08-06	31	928.0000	3	
199	9	2012-03-18 13:15:33.751759+06	Кисеев Олег	40	2012-04-04	108	794.0000	2	
200	9	2012-03-18 13:22:50.462215+06	Заводов Валерий Анатольевич	49	2012-04-21	31	2488.0000	2	
201	8	2012-03-18 13:23:08.142215+06	Мамаев Игорь Евгеньевич	24	2012-08-15	31	4059.0000	3	
202	10	2012-03-18 14:38:37.31842+06	Дарманов  Алексей Борисович 	40	2012-04-18	31	595.0000	2	
203	12	2012-03-18 15:37:08.734261+06	КОШИН СЕРГЕЙ АЛЕКСАНДРОВИЧ	49	2012-04-07	31	5756.0000	2	
204	12	2012-03-18 15:38:41.861865+06	КОШИН СЕРГЕЙ АЛЕКСАНДРОВИЧ	49	2012-04-07	31	5756.0000	2	
205	9	2012-03-19 12:35:22.474683+06	Рогатко Алексей	24	2012-06-27	31	6372.0000	3	
206	8	2012-03-19 16:15:04.524113+06	Кузнецова Лариса Юрьевна	15	2012-07-10	31	1402.0000	3	
207	9	2012-03-19 16:15:06.460113+06	Пономарева Марина Анатольевна	27	2012-04-28	31	1776.0000	3	
208	9	2012-03-19 18:14:24.510858+06	Ситдикова ирина	40	2012-07-28	108	1502.0000	2	
209	15	2012-03-20 17:08:33.918003+06	KJFDGLKJHAF	52	2012-03-31	98	10000.0000	2	ПРОВЕРКА
210	12	2012-03-20 19:08:39.992951+06	ЗАЙНЕТДИНОВА ИРИНА ФАРИТОВНА	25	2012-07-28	31	3789.0000	3	
211	10	2012-03-21 11:04:11.585482+06	Курина Нелли Васильевна 	49	2012-03-28	31	3506.0000	2	
212	10	2012-03-21 11:09:57.447016+06	Батырова  Мария  Мэлсовна 	24	2012-06-06	31	2086.0000	3	
213	10	2012-03-21 11:15:13.272951+06	Суслова Татьяна Петровна 	24	2012-08-31	31	3920.0000	3	
214	10	2012-03-21 15:21:25.886313+06	Гришаков Александр Федорович 	25	2012-08-04	31	10354.0000	3	
215	10	2012-03-21 15:27:57.167511+06	Кожемяченко Степан Викторович	40	2012-05-05	31	8880.0000	2	
216	10	2012-03-21 17:53:19.44681+06	Устинов Илья  Егорович 	49	2012-03-28	31	2434.0000	2	
217	10	2012-03-21 19:16:32.613154+06	Бурков Андрей Алексеевич 	24	2012-05-10	31	1145.0000	3	
218	12	2012-03-22 12:22:25.897144+06	КУЗНЕЦОВА НАТАЛЬЯ	40	2012-06-09	31	7134.0000	2	
219	9	2012-03-22 13:06:48.970105+06	Матыгина Татьяна ивановна 	24	2012-06-01	31	3665.0000	3	
220	12	2012-03-22 17:16:29.166379+06	УСИК ЕКАТЕРИНА	25	2012-04-23	31	1229.6500	3	
221	8	2012-03-23 13:49:20.10615+06	Маханов Анатолий Александрович	49	2012-04-07	31	4472.0000	2	
222	11	2012-03-23 17:14:54.260984+06	Бубнов Виктор Евгеньевич	40	2012-04-25	31	3687.7000	2	
223	8	2012-03-23 18:54:56.110935+06	Банников Андрей Евгеньевич	24	2012-05-04	31	5012.0000	3	
224	9	2012-03-24 11:26:44.460855+06	Михайлов Олег	40	2012-03-24	108	555.0000	2	
225	9	2012-03-24 14:19:57.698148+06	Фиаз Мохаммед	40	2012-05-02	108	709.0000	2	
226	9	2012-03-24 16:53:32.443355+06	Дю Игорь Ильич	40	2012-03-31	108	3357.0000	2	
227	12	2012-03-24 16:53:33.947355+06	АХМЕТЗЯНОВА НАДЕЖДА	49	2012-04-25	31	2375.0000	2	
228	9	2012-03-24 17:04:37.282864+06	Денис Анастасия	49	2012-03-31	31	2652.0000	2	
229	11	2012-03-25 12:12:16.725123+06	Сергиевская Елена Александровна	24	2012-06-23	31	6928.0000	3	
230	17	2012-03-25 13:28:12.883223+06	Елисеев Денис Борисович	27	2012-06-30	31	6784.0000	3	
231	8	2012-03-25 13:28:18.454765+06	Фирцева Мария	15	2012-05-06	31	1253.0000	3	
232	12	2012-03-26 10:34:10.378929+06	КОЧЕРГИНА НАТАЛЬЯ	40	2012-06-09	31	5180.2000	2	
233	12	2012-03-26 10:36:03.430069+06	АХМЕТЗЯНОВА НАДЕЖДА	49	2012-04-25	31	2706.0000	2	
234	9	2012-03-26 12:21:14.922953+06	Щеголева Ирина	40	2012-03-31	108	4015.0000	2	
235	16	2012-03-26 14:26:28.486467+06	Тумков Иван Александрович	15	2012-07-31	31	1251.7800	3	
236	10	2012-03-26 15:34:52.642729+06	Сергеева Евгения  Валерьевна 	40	2012-04-07	108	409.3800	2	
237	11	2012-03-26 17:37:58.428465+06	Погонин Игорь Вячеславович	40	2012-05-05	31	3599.0000	2	
238	11	2012-03-26 17:47:24.673098+06	Дорофеева Елена Игоревна	40	2012-04-04	108	1971.8000	2	
239	9	2012-03-26 18:20:34.144434+06	Горбунова Ольга	40	2012-04-04	108	1072.0000	2	
240	11	2012-03-27 10:40:34.398004+06	Шипунова Светлана Андреевна	51	2012-09-28	41	1629.0000	2	
241	9	2012-03-27 11:09:03.383184+06	Москвина Марина	40	2012-08-11	108	3125.0000	2	
242	17	2012-03-27 13:29:46.631619+06	Будаев Владимир Анатольевич	15	2012-07-15	31	3192.0000	3	
243	10	2012-03-29 11:33:49.777554+06	Антонов Леонид  Иванович 	24	2012-08-04	31	4046.0000	3	
244	19	2012-03-29 12:02:17.05055+06	Бринк Екатерина Алексеевна	24	2012-04-13	31	5032.0000	3	
245	11	2012-03-29 12:03:31.1142+06	Музипова Елена Адольфовна	40	2012-05-07	31	1637.0000	2	
246	19	2012-03-29 12:04:33.357848+06	Бураков Георгий Евгеньевич	24	2012-06-16	31	5717.0000	3	
247	11	2012-03-29 16:47:58.435979+06	Чаусов Роман Николаевич	24	2012-06-20	31	2846.0000	3	
248	19	2012-03-29 16:53:15.249976+06	Дмитриева Ксения	25	2012-06-16	33	1644.0000	3	
249	11	2012-03-29 19:16:20.587867+06	Горбунова Татьяна Витальевна	40	2012-04-11	31	1359.0000	2	
250	10	2012-03-30 10:36:36.049795+06	Левченко Евгения Юрьевна 	15	2012-08-22	31	3089.0000	3	
251	9	2012-03-30 11:55:57.023404+06	Сажина	18	2012-06-11	12	3477.0000	2	
252	10	2012-03-30 16:13:10.837192+06	Жернаков Сергей 	24	2012-06-02	31	1980.0000	3	
253	10	2012-03-30 16:15:03.956773+06	Горюшин Михаил 	15	2012-06-14	31	3998.0000	3	
254	19	2012-03-31 16:01:36.536947+06	Шеменева Екатерина	25	2012-07-14	31	10454.0000	3	
255	19	2012-03-31 16:02:57.420547+06	Шнякова Александра	27	2012-08-29	31	3258.0000	3	
256	9	2012-04-01 13:39:34.2621+06	Поляков Андрей	40	2012-05-02	31	7260.0000	2	
257	11	2012-04-01 13:47:02.962644+06	Куракова Ольга Вениаминовна	24	2012-09-08	31	2300.0000	3	
258	9	2012-04-01 14:09:53.644802+06	Черкасова  Мария	24	2012-07-20	31	2343.0000	3	
276	8	2012-04-07 15:04:34.825381+06	Коршук Олег	15	2012-07-11	31	3264.0000	3	
277	8	2012-04-07 15:06:27.148546+06	Счастливцев Алексей	40	2012-07-11	31	2415.0000	2	
260	8	2012-04-02 15:48:06.074972+06	Поводатор Елена Аркадьевна	24	2012-07-11	31	3165.0000	3	
261	9	2012-04-02 18:41:23.455945+06	Васькова Марина	18	2012-04-24	6	1628.0000	2	
262	19	2012-04-03 15:53:25.839521+06	Шульгина Ирина	25	2012-04-29	19	1348.0000	3	
263	8	2012-04-03 16:17:14.321705+06	Cадыкова Татьяна Владимировна	27	2012-04-28	31	1308.0000	3	
264	9	2012-04-03 17:28:58.918504+06	Резайкин Алексей	15	2012-07-01	31	2870.0000	3	
265	10	2012-04-04 13:55:47.848757+06	Семенов Владимир Викторович 	27	2012-06-02	31	2258.0000	3	
266	8	2012-04-04 19:10:35.03485+06	Большаков Виктор Дмитриевич	24	2012-08-24	31	2246.0000	3	
269	9	2012-04-05 10:36:42.002185+06	Флягин Дмитрий Викторович 	40	2012-04-21	31	500.0000	2	
270	10	2012-04-05 13:18:10.391027+06	Топоркова Надежда Леонидовна	24	2012-08-17	31	3688.0000	3	
271	10	2012-04-05 13:21:17.729891+06	Снежинский Алексей  Валерьянович 	25	2012-07-14	31	1082.0000	3	
273	11	2012-04-07 10:57:58.656901+06	Кондратьева Елена Викторовна	27	2012-10-17	31	1754.0000	3	
274	11	2012-04-07 13:43:58.167416+06	Агеева Анна Владимировна	24	2012-06-30	31	2189.0000	3	
275	12	2012-04-07 14:04:05.530752+06	БОРИСОВ АЛЕКСАНДР СЕРГЕЕВИЧ	15	2012-06-01	31	1826.0000	3	
278	12	2012-04-07 15:58:32.835858+06	ШИШКИНА ИРИНА РУДОЛЬФОВНА	24	2012-08-25	31	2891.0000	3	
279	12	2012-04-07 16:14:55.045372+06	КОЗЛОВ АНДРЕЙ СЕРГЕЕВИЧ	40	2012-05-02	31	300.0000	2	
280	10	2012-04-07 16:20:42.207452+06	Пяткова Галина Александровна 	27	2012-04-28	31	4141.0000	3	
281	12	2012-04-07 16:23:44.137912+06	КОЗЛОВ АНДРЕЙ	40	2012-05-02	31	300.0000	2	
282	8	2012-04-07 17:44:31.380545+06	Колосова Людмила Алексеевна	24	2012-06-23	31	3383.0000	3	
283	12	2012-04-08 11:00:07.464514+06	ГРИГОРЬЕВ ИГОРЬ	24	2012-06-02	31	1956.0000	3	
284	9	2012-04-08 11:04:13.334762+06	Изотова Ирина	15	2012-06-19	31	2062.0000	3	
285	17	2012-04-08 12:36:53.639555+06	Озорнина Маргарита	15	2012-08-21	31	3066.0000	3	
286	9	2012-04-08 12:37:13.539555+06	Суслов Владимир	24	2012-06-18	31	2581.0000	3	
287	12	2012-04-08 15:09:27.299394+06	ШУМАТОВ РАФИС ДЕМУХАМЕТОВИЧ	15	2012-09-07	31	1860.0000	3	
288	9	2012-04-08 15:27:29.462739+06	Щейникова Мария Сергеевна	49	2012-05-02	31	2343.0000	2	
289	9	2012-04-08 16:04:39.672642+06	Метелева Людмила Леонидовна	27	2012-07-07	31	1898.0000	3	
290	10	2012-04-08 16:40:41.523404+06	Неверова Наталья  Викторовна 	15	2012-08-02	31	2648.0000	3	
272	11	2012-04-06 14:42:27+06	Калинина Наталья Викторовна	56	2012-05-23	100	619.0000	3	
291	8	2012-04-09 12:23:49.500137+06	Жилин Александр	15	2012-07-08	31	2554.0000	3	
292	12	2012-04-09 12:47:00.440406+06	ШИХОВ ГРИГОРИЙ ПЕТРОВИЧ	24	2012-09-12	31	3375.0000	3	
293	12	2012-04-09 13:20:57.119898+06	ХАЙРУЛЛИН АЛЬБЕРТ ФАНИЛЕВИЧ	29	2012-07-03	31	4073.0000	2	
294	17	2012-04-09 14:40:40.822938+06	Ершова Анна	27	2012-05-05	31	2817.0000	3	
295	17	2012-04-09 15:04:54.951444+06	Рослякова Светлана	27	2012-05-12	31	2757.0000	3	
296	17	2012-04-09 15:09:41.221065+06	Коновалова Татьяна	24	2012-08-25	31	1883.0000	3	
297	17	2012-04-09 16:06:11.98253+06	Степанова Анна	15	2012-04-29	31	1409.0000	3	
298	16	2012-04-09 16:54:48.10053+06	Талайкина Ольга Юрьевна	24	2012-06-13	31	1277.0000	3	
299	8	2012-04-09 17:48:03.320279+06	Плотникова Людмила 	27	2012-04-28	31	1519.0000	3	
300	17	2012-04-09 18:54:44.090539+06	Соловьева Оксана Олеговна	24	2012-06-15	31	3603.0000	3	
301	17	2012-04-10 11:52:29.386427+06	Азовская Анастасия	25	2012-07-02	33	6345.0000	3	
302	17	2012-04-10 11:54:13.437538+06	Алявдина Алла Владимировна	40	2012-05-02	31	8870.0000	2	
303	10	2012-04-10 14:40:28.490932+06	Окишев Борис Васильевич 	25	2012-06-16	31	3887.0000	3	
304	8	2012-04-10 17:40:36.521997+06	Акметова Наталья 	15	2012-07-19	31	6754.0000	3	
305	10	2012-04-11 11:19:23.142108+06	Шелеметьев Игорь Анатольевич 	25	2012-08-18	31	2018.0000	3	
306	9	2012-04-11 15:17:45.995069+06	Шишеляйкин Евгений	24	2012-06-16	31	6816.0000	3	
307	17	2012-04-11 17:29:20.990026+06	Безносова Алена Вячеславовна	15	2012-08-30	31	3683.0000	3	
308	19	2012-04-11 18:45:02.193333+06	Лаженцева Ольга	15	2012-04-29	31	1128.0000	3	
309	11	2012-04-12 13:57:18.583707+06	Пожидаев Евгений Александрович	24	2012-04-21	31	577.0000	3	
310	9	2012-04-12 17:14:09.328304+06	Габова Наталья	40	2012-05-02	108	2081.0000	2	
311	12	2012-04-12 18:53:58.12864+06	КЛОЧКОВА МАРГАРИТА	25	2012-04-25	31	1174.0000	3	
312	19	2012-04-13 11:32:55.829682+06	Портола Ирина	25	2012-06-09	31	1398.0000	3	
313	16	2012-04-13 15:24:22.36928+06	Давыдов Игорь Юрьевич	40	2012-05-02	31	1416.8000	2	
314	19	2012-04-13 17:31:53.532353+06	Рычкова Надежда	24	2012-06-02	31	2195.0000	3	
315	12	2012-04-14 11:49:28.901648+06	ХРУСТАЛЕВ АНДРЕЙ	40	2012-05-26	31	3153.0000	2	
316	10	2012-04-14 11:55:06.035248+06	КУДРЯВЦЕВА ЮЛИЯ АЛЕКСАНДРОВНА	27	2012-05-09	31	2971.0000	3	
317	9	2012-04-14 14:44:02.498882+06	Сахабутдинов Анатолий Мухаметович	25	2012-09-01	31	2609.0000	3	
318	12	2012-04-14 16:22:06.117751+06	КОСАРЕВА ОЛЬГА МИХАЙЛОВНА	18	2012-07-16	61	1740.0000	2	
319	9	2012-04-14 16:35:43.159439+06	Шеляпин Сергей Александрович	15	2012-06-10	31	5893.0000	3	
320	12	2012-04-15 11:06:03.025642+06	КЛЕЙБАТЕНКО ТИМОФЕЙ	40	2012-04-21	108	32500.0000	1	
321	12	2012-04-15 13:03:02.921471+06	ПОПОВА ИРИНА	27	2012-05-02	31	2602.0000	3	
322	11	2012-04-15 13:39:13.498413+06	Ишмулова Наталья Евгеньевна	18	2012-05-14	12	1607.0000	2	
323	11	2012-04-16 11:05:36.879686+06	Кричкер Людмила Альбертовна	15	2012-08-18	30	2174.0000	3	
\.


--
-- Data for Name: website_payment; Type: TABLE DATA; Schema: public; Owner: sails
--

COPY website_payment (id, dt_mod, order_id, staff_id, pay, rate, checked_by_id, comment, payment_type_id, n_pay) FROM stdin;
45	2011-11-27 14:49:09.588706+06	20	8	422.0000	32.5260	\N		\N	0
46	2011-11-27 14:51:40.545232+06	21	8	13773.0000	32.5260	\N		\N	0
47	2011-11-25 11:38:52+06	22	10	10000.0000	32.2500	\N		\N	0
48	2011-11-29 13:36:10.008861+06	23	10	108130.0000	32.2000	\N		\N	0
49	2011-11-29 15:51:42.604219+06	24	12	60000.0000	32.2000	\N		\N	0
50	2011-11-30 11:07:43.70132+06	25	12	60000.0000	31.1000	\N		\N	0
51	2011-11-30 11:09:03.317671+06	26	12	60000.0000	32.1000	\N		\N	0
52	2011-12-06 12:13:52.092052+06	22	10	21300.0000	31.6000	\N	доплата 05.12.11	\N	0
53	2011-12-06 12:18:33.14612+06	27	11	198077.0000	31.6000	\N	оплачено 05.12 безналом	\N	0
54	2011-12-06 12:34:38.940616+06	28	10	85000.0000	31.7000	\N		\N	0
55	2011-12-06 14:23:12.969498+06	29	9	153794.0000	31.7000	\N	+10466	\N	0
56	2011-12-08 11:12:24.780611+06	30	8	2215.0000	31.6000	\N		\N	0
57	2011-12-08 15:33:31.11069+06	31	8	1590.0000	31.9500	\N		\N	0
58	2011-12-08 15:37:51.191843+06	32	8	50810.0000	31.9500	\N		\N	0
59	2011-12-09 11:26:54.575685+06	33	11	45000.0000	31.9500	\N	оплачено безналом	\N	0
60	2011-12-09 18:45:06.432643+06	34	9	34080.0000	31.8600	\N	безнал	\N	0
61	2011-12-10 13:54:23.021835+06	28	10	135000.0000	32.3000	\N		\N	0
62	2011-12-12 10:52:13.074063+06	35	8	118250.0000	32.2000	\N		\N	0
63	2011-12-13 11:11:19.557407+06	33	11	50000.0000	32.3000	\N	безнал	\N	0
64	2011-12-13 15:52:51.50485+06	33	11	51900.0000	32.2000	\N	безнал	\N	0
65	2011-12-15 12:48:35.597073+06	36	11	80000.0000	32.3000	\N		\N	0
66	2011-12-21 11:58:15.257096+06	37	9	50000.0000	32.6500	\N		\N	0
67	2011-12-22 10:24:56.727506+06	28	10	100000.0000	32.6500	\N		\N	0
68	2011-12-22 10:27:12.351172+06	28	10	126932.0000	32.8500	\N		\N	0
69	2011-12-27 18:24:51.25777+06	38	10	175410.0000	32.0500	\N		\N	0
70	2011-12-29 10:33:19.67657+06	39	10	58304.0000	32.0000	\N		\N	0
71	2012-01-12 18:03:00.785876+06	40	10	50000.0000	32.5000	\N		\N	0
72	2012-01-12 18:06:10.581859+06	39	10	100000.0000	32.0000	\N	29.12.2011	\N	0
73	2012-01-12 18:13:06.961759+06	41	11	20000.0000	33.0000	\N		\N	0
74	2012-01-14 12:08:46.076379+06	40	10	96870.0000	32.5000	\N		\N	0
75	2012-01-14 12:11:55.099905+06	42	10	156320.0000	32.5000	\N		\N	0
76	2012-01-14 12:22:45.506151+06	43	9	12417.0000	32.8500	\N		\N	0
77	2012-01-14 12:25:24.973667+06	44	9	75520.0000	33.0000	\N		\N	0
78	2012-01-16 12:40:38.748843+06	45	10	145947.0000	32.5000	\N		\N	0
79	2012-01-16 17:32:36.194127+06	36	11	218790.0000	32.5000	\N	наличные	\N	0
80	2012-01-17 11:29:38.818355+06	46	12	10000.0000	32.5000	\N		\N	0
81	2012-01-17 11:31:40.033721+06	47	9	9455.0000	41.6500	\N		\N	0
82	2012-01-18 11:16:27.953287+06	48	12	106000.0000	32.3500	\N		\N	0
83	2012-01-18 16:22:11.325745+06	41	11	13684.0000	32.3500	\N	наличные	\N	0
84	2012-01-20 15:47:17.845713+06	49	10	50000.0000	31.2500	\N	ПЛАТИЛИ ГРЯЗНЫМИ КУПЮРАМИ ПО 100 РУБ	\N	0
85	2012-01-20 15:50:05.649304+06	49	10	50000.0000	31.2500	\N	КУПЮРЫ ПО 500 НО ГРЯЗНЫЕ	\N	0
86	2012-01-23 13:32:53.297122+06	50	18	10000.0000	31.8000	\N	МЕЛКИМИ КУПЮРАМИ	\N	0
87	2012-01-23 13:34:13.884693+06	50	18	10000.0000	31.9000	\N	ОДНОЙ КУПЮРОЙ	\N	0
88	2012-01-24 10:52:22.237482+06	51	8	107175.0000	32.3500	\N		\N	0
89	2012-01-24 12:34:09.817245+06	52	10	45000.0000	41.5000	\N		\N	0
90	2012-01-24 12:38:39.804047+06	53	10	50000.0000	32.7500	\N		\N	0
91	2012-01-24 12:39:36.951808+06	53	10	107790.0000	32.7500	\N	наличные 	\N	0
92	2012-01-24 12:42:16.939333+06	54	10	60000.0000	32.1000	\N		\N	0
93	2012-01-24 12:47:41.649886+06	55	10	25000.0000	32.3000	\N		\N	0
94	2012-01-24 14:58:31.271256+06	56	11	18624.0000	32.2700	\N		\N	0
95	2012-01-24 15:11:50.073813+06	57	11	18602.0000	32.2300	\N	flydubai 8K4M47 + дополнительно виза 2730р\r\n\r\nтел.89122655531	\N	0
96	2012-01-24 15:20:01.073175+06	58	11	37204.0000	32.2300	\N	flydubai 8Y0Y83 + отдельно визы 5460р\r\nтел.89043801700 	\N	0
97	2012-01-25 11:58:10.269014+06	59	10	27000.0000	32.1500	\N		\N	0
98	2012-01-25 18:14:49.750886+06	60	8	10000.0000	31.6500	\N		\N	0
99	2012-01-25 18:17:20.218373+06	61	8	95990.0000	31.6500	\N		\N	0
100	2012-01-26 11:09:43.833104+06	62	19	15000.0000	41.2000	\N	Тел. туриста 922 29 848 77\r\n	\N	0
101	2012-01-26 11:56:15.485838+06	63	9	209237.0000	31.4500	\N		\N	0
102	2012-01-26 13:10:49.594784+06	64	12	123200.0000	31.3000	\N		\N	0
103	2012-01-26 13:16:16.485832+06	65	12	10000.0000	32.3500	\N		\N	0
104	2012-01-26 13:20:59.260997+06	65	12	21124.0000	32.3000	\N		\N	0
105	2012-01-26 13:32:57.522853+06	46	12	40170.0000	32.1000	\N	376-36-08	\N	0
106	2012-01-26 13:34:09.674666+06	48	12	0.0000	0.0000	\N	8-912-2434-897	\N	0
107	2012-01-26 14:44:07.451786+06	55	10	99000.0000	32.3000	\N		\N	0
108	2012-01-26 15:05:00.98418+06	66	9	242419.0000	32.8500	\N		\N	0
110	2012-01-26 16:22:23.979741+06	68	9	11130.0000	32.4500	\N		\N	0
111	2012-01-26 16:38:26.781112+06	69	9	61940.0000	32.3800	\N		\N	0
112	2012-01-26 16:46:23.955897+06	70	9	23270.0000	32.2300	\N		\N	0
113	2012-01-26 16:47:30.695743+06	69	9	0.0000	0.0000	\N	ОТ 21.01	\N	0
114	2012-01-26 16:48:00.89159+06	68	9	0.0000	0.0000	\N	ОТ 20.01	\N	0
115	2012-01-26 16:56:23.042352+06	71	9	57480.0000	31.8100	\N		\N	0
116	2012-01-26 17:10:39.320142+06	47	9	0.0000	0.0000	\N	89122397550 juniper	\N	0
117	2012-01-26 17:13:01.447665+06	68	9	0.0000	0.0000	\N	89222102438\r\nQ3NNMJ - 322.67	\N	0
118	2012-01-26 17:15:07.935345+06	69	9	0.0000	0.0000	\N	Q0YTR5 - 1619.10+2 ВИЗЫ\r\n89826419657	\N	0
119	2012-01-26 17:16:46.387185+06	70	9	0.0000	0.0000	\N	89126661285,9193726508\r\n96JLGQ ОТ 23.01-595.70+ВИЗА	\N	0
120	2012-01-26 17:18:45.146864+06	71	9	0.0000	0.0000	\N	RWIHQ6 ОТ 26.01 - 1683,10\r\n89090154575\r\ntrofka@gmail.com	\N	0
121	2012-01-26 17:54:51.759612+06	72	11	36510.0000	31.5870	\N	fly dubai 6UPJ9L + дополнит. 2 визы 5350 р.\r\nтел. 89090560215	\N	0
122	2012-01-27 16:36:06.573272+06	73	8	25107.0000	31.1500	\N		\N	0
123	2012-01-27 16:37:16.172687+06	73	8	0.0000	0.0000	\N	89501937549	\N	0
124	2012-01-28 11:44:59.83025+06	62	19	1597.0000	40.8500	\N		\N	0
125	2012-01-28 11:47:53.861251+06	62	19	60335.0000	40.8500	\N	Заявка оплачена полностью. 27.01.12 - доплата 1587 euro по курсу 40.85	\N	0
126	2012-01-28 11:53:41.987271+06	62	19	3304.0000	40.8500	\N		\N	0
127	2012-01-28 16:06:18.288904+06	74	12	70000.0000	31.1500	\N	НАЛИЧНЫМИ	\N	0
128	2012-01-28 16:07:44.408509+06	74	12	0.0000	0.0000	\N	8-912-630-1624	\N	0
129	2012-01-28 16:29:51.863987+06	75	10	60000.0000	31.1500	\N		\N	0
130	2012-01-28 16:35:22.042919+06	76	10	20000.0000	40.8000	\N		\N	0
131	2012-01-28 16:40:26.381833+06	77	10	25000.0000	40.8500	\N		\N	0
132	2012-01-29 15:17:17.108222+06	59	8	2012.0000	31.1500	\N		\N	0
133	2012-01-29 15:20:01.591642+06	59	8	60662.0000	31.1500	\N		\N	0
135	2012-01-31 17:59:24.382029+06	79	11	30000.0000	31.1500	\N	наличные\r\nтел. 89222074172, Людмила Владимировна 89086360563	\N	0
134	2012-01-30 14:17:46+06	78	11	48295.0000	31.1500	\N	наличные\r\nтел. Наталья васильевна 89634484000	\N	0
136	2012-02-01 19:16:00.903469+06	80	9	20000.0000	31.0500	\N	скидка 30,42$(округлила)\r\n89826073432	\N	0
137	2012-02-01 19:18:09.362941+06	81	9	6000.0000	41.0000	\N	89043899060	\N	0
138	2012-02-01 19:19:46.278415+06	82	9	28000.0000	31.0500	\N	89221395460	\N	0
139	2012-02-02 10:15:21.532168+06	83	8	10000.0000	41.0000	\N		\N	0
140	2012-02-02 10:28:07.209304+06	83	8	0.0000	0.0000	\N	89193968736	\N	0
141	2012-02-02 13:09:13.618628+06	84	8	31.1500	10000.0000	\N	89043817993	\N	0
142	2012-02-02 19:10:41.765401+06	82	9	39564.0000	31.1500	\N	изменились условия тура\r\nалексей89126425814	\N	0
143	2012-02-03 18:17:05.571801+06	80	9	41000.0000	31.0000	\N		\N	0
144	2012-02-03 18:36:33.515755+06	84	8	10000.0000	31.1500	\N		\N	0
145	2012-02-04 12:30:12.243318+06	85	17	1361.0000	31.0500	\N		\N	0
146	2012-02-04 14:46:29.008377+06	86	11	10000.0000	40.5374	\N	наличные, заявка IGL20211CA\r\nтел. 89122486011	\N	0
147	2012-02-04 15:17:09.563678+06	87	11	77779.0000	31.0000	\N	тел 89030848794\r\nналичные	\N	0
148	2012-02-04 15:58:19.619395+06	75	10	105000.0000	31.1500	\N		\N	0
149	2012-02-04 16:08:36.637025+06	88	10	40000.0000	40.7500	\N	т. 8-912-24-15-475	\N	0
150	2012-02-06 12:38:26.459749+06	89	10	80000.0000	31.0000	\N		\N	0
151	2012-02-06 14:28:30.956936+06	90	9	94416.0000	31.1500	\N	vv2to0\r\n89126173628\r\nк оплате 87560 рублей	\N	0
152	2012-02-06 17:39:04.793686+06	91	18	77897.0000	31.0000	\N		\N	0
153	2012-02-06 18:00:06.47307+06	92	9	20000.0000	31.0000	\N	89041646574	\N	0
154	2012-02-07 13:34:29.531238+06	86	11	82462.0000	40.3040	\N	наличные	\N	0
155	2012-02-07 15:24:25.78653+06	93	9	18472.0000	31.1500	\N	89090154575\r\nк оплате 17097	\N	0
156	2012-02-07 19:13:01.449785+06	81	9	9836.0000	40.5000	\N	корректировка стоимости тура\r\n491 евро с туриста - доплата по карте	\N	0
157	2012-02-07 19:15:41.557273+06	94	9	90000.0000	31.0000	\N	89122445027 - анна, 89221484188 - анатолий	\N	0
158	2012-02-08 14:29:32.670534+06	94	9	31613.0000	30.8500	\N		\N	0
159	2012-02-08 18:00:08.097352+06	92	9	54214.0000	30.8500	\N		\N	0
160	2012-02-08 18:00:36.673352+06	92	9	0.0000	0.0000	\N	корректировка тура	\N	0
161	2012-02-08 18:45:04.231554+06	95	10	15000.0000	30.8500	\N		\N	0
162	2012-02-09 18:40:32.147713+06	96	11	17715.0000	30.5838	\N	89122116202	\N	0
163	2012-02-10 11:02:40.165054+06	97	10	3057.0000	30.5900	\N		\N	0
164	2012-02-10 12:27:26.192872+06	98	10	50000.0000	40.4500	\N	т. 8904-38-016-58	\N	0
165	2012-02-10 12:47:27.833709+06	84	8	47380.0000	30.4500	\N		\N	0
166	2012-02-10 16:40:02.28831+06	77	10	25000.0000	40.4500	\N		\N	0
167	2012-02-10 18:31:06.441787+06	99	9	17761.0000	30.5700	\N	к оплате 16423 1yzwwt  на берестовский	\N	0
168	2012-02-10 18:32:03.229646+06	99	9	0.0000	0.0000	\N	89506370067	\N	0
169	2012-02-11 12:21:27.798499+06	89	10	177580.0000	31.0000	\N		\N	0
170	2012-02-11 12:24:37.701669+06	100	10	30000.0000	30.4500	\N		\N	0
171	2012-02-11 12:51:42.954153+06	98	10	77377.0000	40.4500	\N		\N	0
172	2012-02-11 15:19:10.805987+06	101	11	20000.0000	30.7000	\N	тел. 89122826722	\N	0
173	2012-02-11 16:36:34.773552+06	102	17	1535.0000	30.7000	\N		\N	0
174	2012-02-11 17:02:21.896452+06	103	9	20506.0000	30.7000	\N	YXI8AY К ОПЛАТЕ за билет 16230+виза. 89655073333	\N	0
175	2012-02-12 13:06:51.625003+06	104	11	10000.0000	40.6000	\N	аванс за номер DBL (=1990 евро)\r\nтел. 89122415605	\N	0
176	2012-02-12 13:08:46.040525+06	104	11	20000.0000	40.6000	\N	аванс за номер DBL + inf  (=2418 евро)	\N	0
177	2012-02-13 13:15:11.160361+06	83	8	30000.0000	40.6000	\N		\N	0
178	2012-02-13 13:16:16.112181+06	83	8	5000.0000	40.7000	\N		\N	0
179	2012-02-13 13:23:46.262708+06	105	8	70000.0000	30.7000	\N	0079226077308	\N	0
180	2012-02-13 16:46:13.437743+06	100	10	33334.0000	30.7000	\N	Стоимость тура  по договору -2063 долл.	\N	0
181	2012-02-13 16:48:43.725275+06	95	10	42196.0000	30.8500	\N		\N	0
182	2012-02-13 19:04:10.448407+06	106	8	30000.0000	30.7000	\N	89226060795	\N	0
183	2012-02-14 11:35:03.897552+06	107	19	42250.0000	40.4200	\N		\N	0
184	2012-02-14 16:28:22.881611+06	108	9	10000.0000	40.6000	\N	89120476222	\N	0
185	2012-02-14 16:58:02.53373+06	109	9	35778.0000	30.7900	\N	LAL 104 К ОПЛАТЕ 33073\r\n79068074085	\N	0
186	2012-02-14 18:50:22.597841+06	110	16	152128.0000	40.0000	\N		\N	0
187	2012-02-15 11:22:42.214027+06	63	9	0.0000	0.0000	\N	89086337275	\N	0
188	2012-02-15 13:33:25.745732+06	101	12	37345.0000	30.8500	\N		\N	0
189	2012-02-15 18:27:41.878753+06	106	8	71570.0000	30.8500	\N		\N	0
190	2012-02-16 11:00:29.787993+06	104	11	28000.0000	40.5500	\N	доплата  за номер DBL + inf (=2418 евро) и SGL (=1375 евро)	\N	0
191	2012-02-16 11:02:01.235837+06	104	11	15000.0000	40.5500	\N	доплата  за номер DBL (=1990 евро) 	\N	0
192	2012-02-16 12:14:35.30932+06	111	18	40000.0000	40.5374	\N	предоплата произведена 06.02.2012	\N	0
193	2012-02-16 14:28:15.258349+06	112	11	6140.0000	30.7000	\N	визы под а/б Флай Дубаи	\N	0
194	2012-02-16 15:16:10.714215+06	111	18	13402.0000	40.2463	\N	полная оплата	\N	0
195	2012-02-16 16:20:19.105037+06	113	10	143470.0000	30.9900	\N		\N	0
196	2012-02-16 16:54:04.554053+06	79	11	51340.0000	30.7000	\N		\N	0
197	2012-02-16 18:52:03.066106+06	114	11	22000.0000	30.7000	\N	оплата по карте\r\nтел. 89292121225	\N	0
198	2012-02-17 11:39:28.455484+06	94	9	0.0000	0.0000	\N	первый номер анатолия, второй натальи	\N	0
199	2012-02-17 12:30:36.197422+06	105	10	1705.0000	31.0000	\N		\N	0
200	2012-02-17 13:00:55.233218+06	115	10	38695.0000	31.1100	\N		\N	0
201	2012-02-17 15:26:53.546751+06	116	8	25660.0000	31.1160	\N		\N	0
202	2012-02-18 13:31:00.173105+06	117	11	114105.0000	30.7500	\N	полная оплата, наличные\r\nтел. 89030857056	\N	0
203	2012-02-19 14:18:21.945836+06	104	11	10000.0000	40.4000	\N	доплата за DBL (=2265 евро)	\N	0
204	2012-02-20 11:31:55.320004+06	118	10	50000.0000	40.4000	\N		\N	0
205	2012-02-20 11:36:41.035302+06	76	10	52787.0000	40.8000	\N		\N	0
206	2012-02-21 13:07:56.44932+06	99	9	-13726.0000	30.5700	\N		\N	0
207	2012-02-21 13:23:23.391871+06	119	11	21928.0000	31.0000	\N	билет 4VIKSH\r\nтел Елена 89826419657	\N	0
208	2012-02-21 17:44:37.846632+06	120	9	36448.0000	30.6800	\N	Лариса  89122479705\r\nQXFAFQ  к оплате 33748	\N	0
209	2012-02-21 17:59:46.675668+06	113	10	11717.0000	30.6800	\N	Доплата  за  бронирование  мест  382 долл.	\N	0
210	2012-02-21 18:17:26.560018+06	121	10	40000.0000	40.3000	\N		\N	0
211	2012-02-21 18:20:49.423437+06	121	10	0.0000	0.0000	\N	ООО Диамант 	\N	0
212	2012-02-21 18:27:23.362108+06	122	10	16000.0000	30.5500	\N	ООО Диамант 	\N	0
213	2012-02-22 10:21:45.456229+06	74	12	67540.0000	30.5500	\N	наличными	\N	0
214	2012-02-22 11:51:28.95987+06	123	9	3060.0000	30.5500	\N	виза для Брижана А. 89122465551	\N	0
215	2012-02-22 12:17:49.746613+06	124	10	70000.0000	30.5500	\N		\N	0
216	2012-02-22 13:34:37.022207+06	108	9	42049.0000	40.5000	\N		\N	0
217	2012-02-22 17:25:20.014016+06	125	9	117075.0000	30.6800	\N	89122491669 +2 визы Борис и Анна\r\nQ33D64-Анна И DM7OL7 К ОПЛАТЕ 106626 за билеты+за визы	\N	0
218	2012-02-22 18:26:05.748425+06	126	19	24155.0000	30.5200	\N		\N	0
219	2012-02-22 18:30:05.488163+06	127	19	60000.0000	30.4000	\N		\N	0
220	2012-02-22 18:34:08.963898+06	128	9	96355.0000	30.5500	\N	паспарту 3739969	\N	0
221	2012-02-24 11:41:48.226513+06	88	9	85260.0000	40.4000	\N		\N	0
222	2012-02-24 12:31:33.973507+06	129	9	50000.0000	30.5000	\N	Заявка Галереи Свадеб.Путешествий\r\nСветлана 2197511, 9120378917	\N	0
223	2012-02-24 17:55:06.675979+06	130	8	61000.0000	40.4000	\N		\N	0
224	2012-02-25 11:36:47.411553+06	131	9	40000.0000	40.3500	\N		\N	0
225	2012-02-25 11:40:00.303183+06	131	9	0.0000	0.0000	\N	менеджер Курашвили Ирина	\N	0
226	2012-02-25 11:43:55.63869+06	132	11	29290.0000	30.5100	\N	тел 89617611111\r\nоплата по карте	\N	0
227	2012-02-25 11:57:36.021189+06	133	11	50000.0000	40.4000	\N	карта, вычесть 2,5%\r\nтел 89222-931-196	\N	0
228	2012-02-25 12:02:05.908722+06	134	11	35000.0000	40.4000	\N	карта, вычесть 2,5%	\N	0
229	2012-02-25 13:36:28.066838+06	135	10	35000.0000	30.7500	\N		\N	0
230	2012-02-25 14:32:28.884765+06	136	10	121400.0000	30.5500	\N		\N	0
231	2012-02-25 14:35:02.872461+06	137	10	10000.0000	30.2000	\N		\N	0
232	2012-02-25 15:10:00.239652+06	88	10	0.0000	0.0000	\N	Сумма по договору 3092 евро 	\N	0
233	2012-02-25 15:13:09.791045+06	138	9	35306.0000	40.3500	\N	89126714428 juniper	\N	0
234	2012-02-25 17:45:30.159338+06	139	12	70000.0000	30.2000	\N	по карте	\N	0
235	2012-02-26 11:13:43.682646+06	131	8	0.0000	0.0000	\N	89122492835	\N	0
236	2012-02-26 12:11:11.112438+06	130	8	182900.0000	40.3500	\N		\N	0
237	2012-02-27 13:02:55.595306+06	140	12	1260.0000	1.0000	\N	ОПЛАТА В ЕВРО	\N	0
238	2012-02-27 13:04:12.055245+06	140	12	0.0000	0.0000	\N	8-904-387-94-19 - Ирина	\N	0
239	2012-02-27 13:05:08.503183+06	139	12	0.0000	0.0000	\N	8-912-236-28-00 - Татьяна Юрьевна	\N	0
240	2012-02-27 16:06:48.656179+06	127	19	17500.0000	30.0000	\N	2557$ полная стоимость тура.\r\n27.02.2012 - доплата 17500руб. ($=30)	\N	0
241	2012-02-27 17:12:13.606265+06	141	9	40861.0000	30.2000	\N	89221386231- илья	\N	0
242	2012-02-27 18:27:52.655662+06	138	9	0.0000	0.0000	\N	906 евро - новая стоимость, замена отеля	\N	0
243	2012-02-28 14:11:43.247199+06	137	10	47000.0000	29.8500	\N		\N	0
244	2012-02-28 18:24:29.27652+06	142	11	93389.0000	40.1500	\N	полная оплата\r\nтел. 89221474455	\N	0
245	2012-02-28 18:37:56.7834+06	143	10	14925.0000	29.8500	\N		\N	0
246	2012-02-28 18:39:03.339318+06	143	10	0.0000	0.0000	\N	Визы под билеты  Flydubai 	\N	0
247	2012-02-28 19:26:27.171692+06	144	9	21000.0000	29.8500	\N	окончат оплата в пятницу 89222098007, 2127413	\N	0
248	2012-02-29 11:48:07.626388+06	134	10	81342.0000	39.9000	\N		\N	0
249	2012-02-29 12:59:20.612596+06	130	8	6000.0000	40.1500	\N		\N	0
250	2012-02-29 13:58:48.598498+06	145	19	20000.0000	29.5000	\N		\N	0
251	2012-02-29 15:45:54.010029+06	121	9	114611.0000	39.9000	\N		\N	0
252	2012-02-29 18:29:41.959968+06	144	9	49435.0000	29.7000	\N	добавила страховку от невыезда, т.е. +94 доллара	\N	0
253	2012-02-29 18:55:46.965317+06	146	12	13000.0000	29.7000	\N		\N	0
255	2012-03-01 10:30:10.875581+06	147	10	85000.0000	39.9000	\N		\N	0
254	2012-03-01 10:28:22+06	133	11	94778.4600	39.9000	\N	оплата по безналу	\N	0
256	2012-03-01 11:03:33.165161+06	148	10	31578.0000	29.9000	\N		\N	0
257	2012-03-01 11:07:37.080443+06	148	10	0.0000	0.0000	\N	Стоимость 2026 долл. 	\N	0
258	2012-03-01 13:48:03.723371+06	146	12	30511.0000	29.7000	\N	+7902-410-94-13	\N	0
259	2012-03-01 18:44:34.342131+06	149	11	50248.0000	29.7500	\N	по карте, полная оплата\r\nтел Иван 89024096393\r\nТатьяна 89086320296 	\N	0
260	2012-03-02 13:14:24.314571+06	150	11	68604.0000	30.0500	\N	наличные\r\nтел. 89126357321	\N	0
261	2012-03-02 13:51:38.519503+06	105	8	23650.0000	30.7000	\N		\N	0
262	2012-03-02 13:59:53.226128+06	124	9	84278.0000	30.5500	\N		\N	0
263	2012-03-02 16:36:54.990352+06	151	11	25262.0000	30.0000	\N	а/б VCWGI3 22708 руб + виза 2554 руб	\N	0
264	2012-03-02 18:18:35.785888+06	152	8	20000.0000	40.0500	\N	89122448949	\N	0
265	2012-03-03 11:28:24.685383+06	148	10	29027.0000	29.9000	\N		\N	0
266	2012-03-03 11:30:21.112964+06	145	19	33070.0000	29.9000	\N		\N	0
267	2012-03-03 14:26:28.656111+06	135	10	43032.0000	30.0500	\N		\N	0
268	2012-03-03 15:27:23.678629+06	118	10	100000.0000	40.0000	\N		\N	0
270	2012-03-03 18:32:03.931199+06	154	11	30000.0000	30.0500	\N	тел 89826500798	\N	0
271	2012-03-04 13:38:25.389709+06	155	16	2374.0000	30.0000	\N		\N	0
272	2012-03-04 13:39:47.317473+06	155	16	68846.0000	30.0000	\N		\N	0
273	2012-03-05 11:34:57.309585+06	156	10	40000.0000	40.0000	\N	т. 89126062156 Денис 	\N	0
274	2012-03-05 11:40:44.14437+06	157	10	25400.0000	30.1800	\N	Билет + виза 	\N	0
275	2012-03-05 14:31:50.795794+06	158	11	74885.0000	30.0500	\N	тел 89222121358	\N	0
276	2012-03-05 14:35:18.082821+06	159	10	15000.0000	30.0500	\N	8-904-1675143	\N	0
277	2012-03-05 16:12:34.709478+06	160	10	16837.0000	30.1800	\N		\N	0
278	2012-03-05 17:18:21.710695+06	137	10	0.0000	0.0000	\N	т. 378-59-53, 89068044555	\N	0
279	2012-03-06 12:47:41.40941+06	134	11	870.0000	39.9000	\N	полная оплата	\N	0
269	2012-03-06 17:14:31+06	153	11	107610.0000	39.6500	\N	тел 89122278188	\N	0
280	2012-03-06 17:28:38.094516+06	161	12	50000.0000	30.0500	\N		\N	0
281	2012-03-06 17:51:22.035355+06	162	11	6010.0000	30.0500	\N	безнал\r\nвизы в ОАЭ\r\nтел. Татьяна 8-90454-21202 	\N	0
283	2012-03-07 12:15:46.950792+06	164	9	30000.0000	30.2000	\N	89126770194	\N	0
284	2012-03-07 12:36:25.324059+06	159	8	24580.0000	30.2000	\N		\N	0
285	2012-03-07 13:00:05.416311+06	165	19	60000.0000	30.0500	\N		\N	0
286	2012-03-07 13:57:17.446053+06	138	9	1251.0000	40.3500	\N	первый платеж был по карте	\N	0
287	2012-03-09 12:22:17.577816+06	165	19	183225.0000	30.2000	\N		\N	0
288	2012-03-09 13:00:29.578993+06	137	10	6950.0000	30.4000	\N		\N	0
289	2012-03-09 13:03:56.554437+06	137	10	0.0000	0.0000	\N	Оплата 06,03, 6950 руб по курсу 29,90	\N	0
290	2012-03-09 15:16:58.722328+06	166	16	30000.0000	30.4000	\N		\N	0
291	2012-03-09 16:16:33.377637+06	154	10	106886.0000	30.4000	\N		\N	0
292	2012-03-09 16:47:30.943671+06	167	19	105000.0000	30.4000	\N		\N	0
293	2012-03-10 12:20:26.688929+06	168	12	650.0000	1.0000	\N	+7-922-128-50-11	\N	0
294	2012-03-10 14:15:30.845057+06	164	9	0.0000	0.0000	\N	аннулировна	\N	0
295	2012-03-10 14:28:35.91447+06	169	8	40000.0000	40.0000	\N	8922-22-98-309\r\n8904-985-86-55	\N	0
298	2012-03-11 11:28:30.48492+06	171	19	47482.0000	30.2000	\N		\N	0
299	2012-03-11 11:29:22.824733+06	172	19	47482.0000	30.2000	\N		\N	0
300	2012-03-11 13:06:54.308579+06	173	12	35000.0000	40.0000	\N		\N	0
297	2012-03-06 14:34:06+06	170	8	45000.0000	30.2000	\N	3785103	\N	0
301	2012-03-11 13:07:28.372579+06	173	12	0.0000	0.0000	\N	+79126820862	\N	0
302	2012-03-11 14:32:41.22428+06	174	11	150000.0000	30.4000	\N	89120304505	\N	0
303	2012-03-11 16:09:47.232766+06	175	10	74754.0000	30.4000	\N		\N	0
304	2012-03-12 12:32:11.927779+06	176	11	183000.0000	30.3000	\N	тел 89220218303 Этери	\N	0
305	2012-03-12 13:36:10.337368+06	177	12	16000.0000	39.7500	\N	+7-952-744-8228	\N	0
306	2012-03-12 14:49:28.341926+06	170	9	88000.0000	30.3000	\N		\N	0
307	2012-03-12 18:19:14.810835+06	178	12	30000.0000	39.7500	\N	+79030780738	\N	0
308	2012-03-13 14:30:44.832853+06	167	19	230920.0000	30.4000	\N		\N	0
309	2012-03-13 15:12:00.380109+06	129	9	39935.0000	30.4000	\N		\N	0
310	2012-03-13 15:54:56.974551+06	179	19	80000.0000	39.8500	\N		\N	0
311	2012-03-13 18:47:02.1914+06	139	12	70957.0000	30.4000	\N		\N	0
312	2012-03-14 11:44:23.973729+06	180	11	92694.0000	30.0000	\N	а/б GQG65U	\N	0
313	2012-03-14 12:36:31.942091+06	170	8	5445.0000	30.2500	\N		\N	0
314	2012-03-15 10:44:56.680565+06	181	9	20353.0000	30.5600	\N	3455666  wicav2 от 14.03 к оплате 16326+виза	\N	0
315	2012-03-15 11:05:58.797051+06	182	17	10000.0000	40.0000	\N		\N	0
316	2012-03-15 14:38:09.71267+06	183	19	40500.0000	39.3000	\N		\N	0
317	2012-03-15 17:19:11.549963+06	184	9	12856.0000	30.2500	\N	89122667888, дополнительно оформлена страховка ВСК на  3082р плюсом	\N	0
318	2012-03-15 17:22:55.693164+06	185	8	50000.0000	30.2500	\N	Колекция Путешествий	\N	0
320	2012-03-16 12:43:11.888787+06	187	16	3035.0000	30.3500	\N		\N	0
321	2012-03-16 13:31:37.218514+06	188	12	500.0000	1.0000	\N	+79222114060	\N	0
322	2012-03-16 17:46:19.278424+06	189	16	8762.0000	30.0000	\N		\N	0
319	2012-03-16 10:44:41.077439+06	186	17	7000.0000	39.4500	15		\N	0
323	2012-03-17 12:33:52.624477+06	190	8	60000.0000	30.1000	\N	89043839095 - Лариса\r\n89024401641 - Гульнара	\N	0
324	2012-03-17 12:56:42.536789+06	191	17	20000.0000	39.4000	\N		\N	0
325	2012-03-17 14:16:43.842837+06	192	9	9165.0000	30.5500	\N	9028794978	\N	0
326	2012-03-17 14:55:20.459804+06	193	17	20000.0000	39.4000	\N		\N	0
327	2012-03-17 16:07:46.024797+06	77	10	15760.0000	39.4000	\N		\N	0
328	2012-03-17 16:10:51.136144+06	194	8	158703.0000	39.4000	\N	89221498421	\N	0
329	2012-03-17 16:56:41.63408+06	195	11	50000.0000	39.4000	\N	тел. 89222011151	\N	0
330	2012-03-18 11:27:36.920025+06	196	12	20000.0000	39.4000	\N		\N	0
331	2012-03-18 12:04:56.309591+06	197	19	243225.0000	30.0500	\N		\N	0
332	2012-03-18 13:12:27.500426+06	198	9	12000.0000	39.4000	\N	89030836598 juniper +виза 	\N	0
333	2012-03-18 13:15:33.755759+06	199	9	24274.0000	30.2400	\N	89222191310, TGDTBF к оплате 20109+виза. из них 10774 рублей по карте	\N	0
334	2012-03-18 13:22:50.466215+06	200	9	20000.0000	30.1000	\N	89089101061, 89221008088	\N	0
335	2012-03-18 13:23:08.146215+06	201	8	60000.0000	39.4000	\N	89221045356	\N	0
336	2012-03-18 14:38:37.32242+06	202	10	17910.0000	30.1000	\N	8922-209-49-49	\N	0
337	2012-03-18 14:39:30.318207+06	202	10	0.0000	0.0000	\N	Визы по Fly Dubai	\N	0
338	2012-03-18 15:37:08.738261+06	203	12	173255.0000	39.4000	\N	+7-965-547-7235	\N	0
339	2012-03-18 15:37:54.618063+06	203	12	1.0000	1.0000	\N	НЕВЕРНАЯ ЗАЯВКА	\N	0
340	2012-03-18 15:38:41.865865+06	204	12	173255.0000	30.1000	\N	+7-965-547-72-35	\N	0
342	2012-03-19 12:35:22.474683+06	205	9	60000.0000	30.1000	\N	89022676695, наталья 9045448363	\N	0
341	2012-03-19 12:34:27.746861+06	194	14	0.0000	1.0000	14	78703,00- терминал в Т+80000,00 чек в Терре	\N	0
343	2012-03-19 15:56:11.596751+06	179	19	70683.0000	39.4000	\N		\N	0
345	2012-03-19 16:15:06.464113+06	207	9	25000.0000	39.4000	15	89122449823.есть электронка	\N	0
344	2012-03-19 16:15:04.540113+06	206	8	25000.0000	39.4000	15	8-912-202-47-11	\N	0
346	2012-03-19 18:14:24.514858+06	208	9	48020.0000	30.2400	\N	Q3E9Y2 +2 ВИЗЫ, 3725559	\N	0
347	2012-03-20 10:26:02.427821+06	208	9	0.0000	0.0000	\N	к оплате за билет 37454	\N	0
348	2012-03-20 11:30:32.373633+06	205	9	0.0000	0.0000	\N	корректировка цены, новая:3535евро	\N	0
349	2012-03-20 11:33:02.680722+06	205	9	0.0000	0.0000	\N	курс валюты 19.03  - 39.4	\N	0
350	2012-03-20 12:22:01.702881+06	200	9	54615.0000	29.9500	\N		\N	0
351	2012-03-20 17:08:33.930003+06	209	15	500.0000	30.0000	\N	ПРОВЕРКА 2	\N	0
352	2012-03-20 19:08:39.992951+06	210	12	45000.0000	39.4500	\N	+79126117831	\N	0
353	2012-03-20 19:26:04.725458+06	198	9	0.0000	0.0000	\N	добронирован отель в дискаунте ART HOTEL GUALA RESIDENCE - 85 евро	\N	0
354	2012-03-21 10:13:31.918594+06	161	12	141600.0000	29.9000	\N		\N	0
355	2012-03-21 11:04:11.589482+06	211	10	105000.0000	29.9500	\N		\N	0
356	2012-03-21 11:09:57.447016+06	212	10	40000.0000	39.4500	\N		\N	0
357	2012-03-21 11:15:13.276951+06	213	10	55000.0000	39.4500	\N		\N	0
358	2012-03-21 15:21:25.890313+06	214	10	408465.0000	39.4500	\N		\N	0
359	2012-03-21 15:27:57.167511+06	215	10	50000.0000	29.9000	\N		\N	0
360	2012-03-21 17:53:19.45081+06	216	10	30000.0000	30.4000	\N		\N	0
361	2012-03-21 17:59:54.623801+06	216	10	43989.0000	30.4000	\N		\N	0
362	2012-03-21 18:31:04.35395+06	191	17	1635.0000	39.4000	\N		\N	0
363	2012-03-21 19:16:32.697154+06	217	10	15000.0000	39.6000	\N		\N	0
364	2012-03-22 11:35:52.500607+06	174	11	144020.0000	29.9500	\N	доплата	\N	0
365	2012-03-22 12:07:29.987658+06	117	11	4850.0000	29.9500	\N	доплата за страховку от невыезда	\N	0
366	2012-03-22 12:22:26.133144+06	218	12	50000.0000	29.9500	\N		\N	0
367	2012-03-22 13:06:48.974105+06	219	9	55000.0000	39.7500	\N	89043895342, 2782462 рабочий	\N	0
368	2012-03-22 16:04:22.793326+06	195	11	116705.0000	39.7500	\N		\N	0
369	2012-03-22 17:16:29.170379+06	220	12	16000.0000	39.4000	\N	912-233-08-03	\N	0
370	2012-03-23 10:42:16.42333+06	183	19	5068.0000	39.6000	\N		\N	0
371	2012-03-23 13:49:20.10615+06	221	8	133936.0000	29.9500	\N	8-912-2466362	\N	0
372	2012-03-23 17:14:54.264984+06	222	11	111000.0000	30.1000	\N		\N	0
373	2012-03-23 18:54:56.186935+06	223	8	25000.0000	39.7000	\N	89122412702	\N	0
374	2012-03-24 11:26:44.464855+06	224	9	17140.0000	30.8900	\N	89222222233 Андрей KJ432W к оплате 16038	\N	0
375	2012-03-24 11:27:14.268425+06	224	9	0.0000	0.0000	\N	оплата по карте	\N	0
376	2012-03-24 14:19:57.702148+06	225	9	709.0000	30.2900	\N	8192881884 Лиля. OBVKGJ к оплате 20136	\N	0
377	2012-03-24 14:21:37.205269+06	225	9	20767.0000	30.2900	\N		\N	0
378	2012-03-24 16:53:32.447355+06	226	9	101690.0000	30.2900	\N	89122432318, +5 виз 	\N	0
379	2012-03-24 16:53:33.951355+06	227	12	30000.0000	30.1500	\N	+79122604324	\N	0
380	2012-03-24 17:04:37.282864+06	228	9	79958.0000	30.1500	\N	89089220679, полина 89086396571	\N	0
381	2012-03-25 12:12:16.745123+06	229	11	10000.0000	39.7000	\N		\N	0
382	2012-03-25 12:12:36.321123+06	229	11	60000.0000	39.8000	\N		\N	0
383	2012-03-25 12:13:45.384672+06	156	10	80000.0000	39.8000	\N		\N	0
384	2012-03-25 12:46:01.642146+06	219	10	90797.0000	39.8000	\N		\N	0
385	2012-03-25 13:28:12.887223+06	230	17	80000.0000	39.8000	\N		\N	0
386	2012-03-25 13:28:18.458765+06	231	8	15000.0000	39.8000	\N	89226060795	\N	0
387	2012-03-25 13:31:07.149823+06	193	17	134093.0000	39.4000	\N		\N	0
388	2012-03-25 13:55:39.686087+06	156	10	0.0000	0.0000	\N	Заявка перебронирована ,стоимость по договору изменена на 5142 евро 	\N	0
389	2012-03-26 10:26:14.130353+06	202	10	0.0000	0.0000	\N	В том числе оплата за Баум +1, \r\nСиняев ,Дарманов +2	\N	0
390	2012-03-26 10:34:10.382929+06	232	12	20000.0000	29.9000	\N	+7912-241-73-70	\N	0
391	2012-03-26 10:34:34.598499+06	227	12	1.0000	1.0000	\N	НЕВЕРНАЯ ЗАЯВКА	\N	0
392	2012-03-26 10:36:03.434069+06	233	12	30000.0000	30.1500	\N	+7912-260-43-24	\N	0
393	2012-03-26 10:49:17.820483+06	226	9	0.0000	0.0000	\N	NDDQ0J К оплате 85102+визы	\N	0
394	2012-03-26 12:21:14.922953+06	234	9	121614.0000	30.2900	\N	89126173628, KDJYGB к оплате 116162	\N	0
395	2012-03-26 14:26:28.490467+06	235	16	1251.7800	39.8000	\N		\N	0
396	2012-03-26 14:27:48.530035+06	235	16	48569.0600	39.8000	\N		\N	0
397	2012-03-26 14:52:22.412039+06	223	8	35000.0000	39.8000	\N		\N	0
398	2012-03-26 15:34:52.646729+06	236	10	12400.0000	30.2900	\N		\N	0
399	2012-03-26 15:52:31.691708+06	226	9	1212.0000	30.2900	\N		\N	0
400	2012-03-26 17:37:58.432465+06	237	11	18780.0000	30.1500	\N	оплата по карте\r\nтел 89126246688	\N	0
401	2012-03-26 17:47:24.673098+06	238	11	59156.0000	30.0000	\N	билеты QQ30LV и 9W19OG + дополнительно 2 визы 5126 р	\N	0
402	2012-03-26 18:20:34.148434+06	239	9	32471.0000	30.2900	\N	EUZ84D к оплате 28513+виза, 89221250868	\N	0
403	2012-03-27 10:40:34.410004+06	240	11	49100.0000	30.1400	\N	наличные, заявка 429325	\N	0
404	2012-03-27 11:09:03.387184+06	241	9	94642.0000	30.2900	\N	до Катманду транзитом. 1AJCTE89193642589	\N	0
405	2012-03-27 13:29:46.635619+06	242	17	30000.0000	39.7000	\N		\N	0
406	2012-03-27 18:32:29.852817+06	217	10	30418.0000	39.7000	\N		\N	0
407	2012-03-28 12:46:54.543361+06	190	8	166800.0000	30.0000	\N		\N	0
408	2012-03-28 12:59:45.506121+06	156	8	84427.0000	39.6000	\N		\N	0
409	2012-03-29 11:33:49.809554+06	243	10	160829.0000	39.7500	\N		\N	0
410	2012-03-29 12:02:17.05455+06	244	19	60000.0000	39.4000	\N		\N	0
412	2012-03-29 12:03:31.1182+06	245	11	40000.0000	29.8500	\N	оплата по карте	\N	0
413	2012-03-29 12:04:33.361848+06	246	19	70000.0000	39.6000	\N		\N	0
414	2012-03-29 12:23:28.835032+06	147	10	215325.0000	39.7500	\N		\N	0
415	2012-03-29 15:58:10.088093+06	205	10	50000.0000	39.7500	\N		\N	0
416	2012-03-29 16:47:58.439979+06	247	11	30000.0000	39.7500	\N	тел 89126093243	\N	0
417	2012-03-29 16:53:15.253976+06	248	19	10000.0000	39.6000	\N		\N	0
418	2012-03-29 16:53:44.145976+06	248	19	55475.0000	39.8210	\N		\N	0
419	2012-03-29 19:16:20.591867+06	249	11	40566.0000	29.8500	\N	тел 89090125479	\N	0
420	2012-03-30 10:36:36.053795+06	250	10	60000.0000	39.7500	\N		\N	0
421	2012-03-30 11:55:57.023404+06	251	9	20000.0000	29.8100	\N	1850051Голдус+1, 1850092 Сажина+1\r\nранее бронирование до 09.05	\N	0
422	2012-03-30 12:45:07.730206+06	251	9	50000.0000	30.0200	\N		\N	0
423	2012-03-30 16:10:13.05045+06	215	10	100000.0000	30.0000	\N		\N	0
424	2012-03-30 16:13:10.841192+06	252	10	20000.0000	40.0000	\N		\N	0
425	2012-03-30 16:15:03.960773+06	253	10	45000.0000	40.0000	\N		\N	0
426	2012-03-31 16:01:36.544947+06	254	19	125000.0000	40.0000	\N		\N	0
428	2012-04-01 13:39:34.2661+06	256	9	218163.0000	30.0500	\N	89222042007	\N	0
429	2012-04-01 13:47:02.962644+06	257	11	45000.0000	40.1500	\N	от Сергиевской Алены\r\nскидка 6%	\N	0
430	2012-04-01 14:09:53.648802+06	258	9	64071.0000	40.1500	\N	89043800871 оплата картой	\N	0
427	2012-03-31 16:02:57.424547+06	255	19	65400.0000	40.1500	\N		\N	0
437	2012-04-02 10:45:55.95785+06	245	11	8864.0000	29.8500	\N		2	0
438	2012-04-02 15:48:06.086972+06	260	8	40000.0000	39.6000	\N	8-9222010208,  3727789	3	0
439	2012-04-02 17:20:02.64493+06	223	8	140645.0000	40.1500	\N		3	0
440	2012-04-02 18:41:23.459945+06	261	9	18000.0000	29.9600	\N	1155855 - Королев Андрей	3	0
441	2012-04-03 12:33:58.032608+06	251	9	-20000.0000	30.0200	\N		3	0
442	2012-04-03 15:53:25.847521+06	262	19	16236.0000	39.9500	\N	По курсу 40.15 предоплата	2	0
444	2012-04-03 17:28:58.922504+06	264	9	40000.0000	40.1500	\N	89126785460, елена 89122457329	2	0
445	2012-04-04 12:57:57.403024+06	260	8	85298.0000	39.6000	\N		3	0
446	2012-04-04 13:55:47.856757+06	265	10	90665.0000	40.1500	\N		3	0
447	2012-04-04 17:47:03.177349+06	77	10	19024.0000	40.0500	\N		3	0
448	2012-04-04 19:10:35.03485+06	266	8	89952.0000	40.0500	\N	8922-21-97-803	2	0
451	2012-04-05 10:33:15.767855+06	246	19	100000.0000	39.8000	\N		3	2
452	2012-04-05 10:36:42.006185+06	269	9	15000.0000	30.0500	\N	Визы 89028701806	3	3
453	2012-04-05 13:18:10.395027+06	270	10	50000.0000	39.8000	\N		1	4
454	2012-04-05 13:21:17.733891+06	271	10	27000.0000	39.8000	\N		3	5
455	2012-04-05 14:32:10.49467+06	254	19	296300.0000	39.8000	\N		2	6
456	2012-04-05 15:37:52.184826+06	215	10	116995.0000	30.2000	\N		3	7
457	2012-04-05 17:33:59.421613+06	213	10	100574.0000	39.8000	\N		3	8
458	2012-04-06 10:22:21.746862+06	207	8	45298.0000	39.7000	\N		3	9
460	2012-04-06 14:42:27.962238+06	272	11	5000.0000	40.5000	\N	заявка 1A 23052JA	3	11
462	2012-04-07 10:45:54.06246+06	256	9	8470.0000	30.2500	\N	сумма договора увеличилась на 280 долларов	3	13
463	2012-04-07 10:57:58.660901+06	273	11	21000.0000	39.5000	\N		3	14
464	2012-04-07 13:43:58.167416+06	274	11	40000.0000	39.5000	\N		3	15
465	2012-04-07 14:04:05.534752+06	275	12	20000.0000	39.5000	\N	+7912605836	3	16
466	2012-04-07 14:04:47.578316+06	264	9	74013.0000	39.5000	\N		3	17
468	2012-04-07 15:06:27.148546+06	277	8	73054.0000	30.2500	\N		3	19
469	2012-04-07 15:06:28.592546+06	262	19	39482.0000	39.5000	\N		2	20
470	2012-04-07 15:07:04.472129+06	255	19	63345.0000	39.5000	\N		3	21
467	2012-04-07 15:04:34.825381+06	276	8	0.0000	39.5000	\N	89222352839   89227072747 (Курашвили Ирина Пирузовна)	3	22
471	2012-04-07 15:58:32.839858+06	278	12	25000.0000	39.5000	\N	+79122324027	3	23
472	2012-04-07 16:14:55.045372+06	279	12	9300.0000	39.5000	\N		2	24
473	2012-04-07 16:20:42.211452+06	280	10	63570.0000	39.5000	\N		2	25
474	2012-04-07 16:22:51.894298+06	279	12	1.0000	1.0000	\N	НЕВЕРНАЯ ЗАЯВКА	1	26
475	2012-04-07 16:23:44.141912+06	281	12	9300.0000	30.2500	\N		2	27
476	2012-04-07 17:44:31.380545+06	282	8	20000.0000	39.5000	\N	89122457446	3	28
477	2012-04-07 17:45:00.252123+06	282	8	20000.0000	395.0000	\N		2	29
478	2012-04-07 17:46:39.3917+06	282	8	20000.0000	39.5000	\N		2	30
479	2012-04-08 11:00:07.472514+06	283	12	40000.0000	39.5000	\N		3	31
480	2012-04-08 11:04:13.338762+06	284	9	25000.0000	39.5000	\N	89122645748	3	32
481	2012-04-08 12:36:53.643555+06	285	17	37000.0000	39.5000	\N		3	33
483	2012-04-08 12:49:16.066656+06	237	11	90027.0000	30.2500	\N		2	35
484	2012-04-08 15:09:27.303394+06	287	12	73470.0000	39.5000	\N		3	36
485	2012-04-08 15:12:23.414055+06	229	8	46000.0000	39.5000	\N		3	37
486	2012-04-08 15:27:29.478739+06	288	9	25000.0000	30.2500	\N	89030838265	2	38
487	2012-04-08 16:04:39.676642+06	289	9	25000.0000	39.5000	\N	89222229313	3	39
488	2012-04-08 16:40:41.527404+06	290	10	15000.0000	39.5000	\N		3	40
461	2012-04-06 14:44:20+06	272	11	5000.0000	40.5000	\N		3	41
489	2012-04-09 12:23:49.504137+06	291	8	40000.0000	39.5000	\N	8-982-629-45-09	3	42
490	2012-04-09 12:39:46.45231+06	122	10	46252.0000	30.2500	\N		3	43
491	2012-04-09 12:47:00.440406+06	292	12	40000.0000	39.5000	\N		3	44
492	2012-04-09 13:20:57.123898+06	293	12	30000.0000	30.2500	\N		3	45
493	2012-04-09 14:28:32.628642+06	152	8	0.0000	0.0000	\N	ПРАВИЛЬНАЯ СТОИМОСТЬ:   2080у.е.	3	46
494	2012-04-09 14:37:53.344384+06	288	9	30000.0000	30.2500	\N		3	47
495	2012-04-09 14:39:01.77942+06	288	9	15876.0000	30.2500	\N		2	48
496	2012-04-09 14:40:40.826938+06	294	17	112117.0000	39.8000	\N		3	49
497	2012-04-09 15:04:54.955444+06	295	17	30000.0000	39.8000	\N		3	50
498	2012-04-09 15:09:41.225065+06	296	17	20000.0000	39.5000	\N		3	51
459	2012-04-06 10:43:56.737453+06	233	12	51586.0000	30.1500	\N	терминал в ЭТ 27,03,2012 (Ершова Ольга Михайловна)	2	52
411	2012-03-29 12:02:36.49855+06	244	19	139500.0000	39.7500	\N	терминал в Т 29,03,12 на сумму 39500,00 (Ершова Ольга Михайловна)	\N	53
443	2012-04-03 16:17:14.325705+06	263	8	52500.0000	40.1500	\N	2000,0 терминал в Т (03,04,2012)+50500,00 нал (Ершова Ольга Михайловна)	3	54
499	2012-04-09 16:06:11.98653+06	297	17	15000.0000	39.5000	\N		3	55
482	2012-04-08 12:37:13.543555+06	286	9	50000.0000	39.5000	\N	89126996571, 18.08 дата вылета (Мельничук Елена Петровна)	3	56
500	2012-04-09 16:54:48.10053+06	298	16	20000.0000	39.5000	\N		3	57
501	2012-04-09 17:48:03.320279+06	299	8	60000.0000	39.5000	\N	89022666492	3	58
502	2012-04-09 18:28:37.97828+06	220	12	32530.0000	39.5000	\N		3	59
503	2012-04-09 18:54:44.094539+06	300	17	30000.0000	39.5000	\N		2	60
504	2012-04-10 11:52:29.386427+06	301	17	50000.0000	39.6000	\N		3	61
505	2012-04-10 11:54:13.441538+06	302	17	100000.0000	30.0000	\N		3	62
506	2012-04-10 14:40:28.490932+06	303	10	140000.0000	39.8000	\N		3	63
507	2012-04-10 14:41:03.266512+06	303	10	14689.0000	39.7000	\N		3	64
508	2012-04-10 16:45:46.481372+06	185	12	97709.0000	30.4000	\N		3	65
509	2012-04-10 17:40:36.521997+06	304	8	80000.0000	39.7000	\N	89126943206	3	66
510	2012-04-11 11:19:23.158108+06	305	10	30000.0000	39.5000	\N		3	67
511	2012-04-11 12:18:15.755955+06	280	10	114812.0000	39.7000	\N	Стоимость тура изменена на 4501 евро  (Атнашева Ирина Игоревна)	2	69
512	2012-04-11 13:39:22.666206+06	231	9	34870.0000	39.8000	\N		3	70
513	2012-04-11 15:17:45.999069+06	306	9	271277.0000	39.8000	\N	89122424964	3	71
514	2012-04-11 17:29:20.990026+06	307	17	40000.0000	39.7000	\N		3	72
515	2012-04-11 17:30:29.853605+06	301	17	215615.0000	39.6000	\N	полная оплата	3	73
516	2012-04-11 17:32:21.948764+06	297	17	42100.0000	39.8000	\N	полная оплата	3	74
517	2012-04-11 18:42:44.946231+06	186	17	69300.0000	39.8000	\N	полная оплата	3	75
518	2012-04-11 18:45:02.197333+06	308	19	20000.0000	39.8000	\N		3	76
519	2012-04-12 11:08:25.192502+06	302	17	165000.0000	29.9000	\N	полная оплата	3	77
520	2012-04-12 13:57:18.783707+06	309	11	23109.0000	40.0500	\N	тел 89058060302	3	78
521	2012-04-12 14:40:00.384478+06	205	9	17000.0000	40.0500	\N		3	79
522	2012-04-12 14:42:28.79914+06	290	9	11000.0000	40.0500	\N	неверова	3	80
523	2012-04-12 17:14:09.332304+06	310	9	63886.0000	30.7000	\N	2639236 Евгения. 7IC170 GABOV.К ОПЛАТЕ 61129 руб	3	81
524	2012-04-12 17:52:43.316476+06	250	11	63262.0000	40.0500	\N		3	82
525	2012-04-12 18:53:58.13264+06	311	12	20000.0000	40.0500	\N		3	83
526	2012-04-13 11:32:55.833682+06	312	19	20000.0000	39.8500	\N		3	84
527	2012-04-13 15:24:22.36928+06	313	16	43000.0000	30.3500	\N		3	85
528	2012-04-13 17:31:53.536353+06	314	19	55000.0000	39.8500	\N		3	86
529	2012-04-13 18:06:36.92059+06	198	9	8000.0000	39.8500	\N		2	87
530	2012-04-13 18:10:18.371282+06	261	9	28000.0000	30.2100	\N		3	88
531	2012-04-14 11:14:07.039577+06	291	10	60883.0000	39.5000	\N		3	89
532	2012-04-14 11:49:28.905648+06	315	12	95220.0000	30.2000	\N		3	90
533	2012-04-14 11:55:06.039248+06	316	10	118400.0000	39.8500	\N		3	91
534	2012-04-14 12:28:29.494094+06	285	19	84774.0000	39.8000	\N		3	92
535	2012-04-14 13:40:25.971087+06	206	12	30545.0000	39.8000	\N		3	93
536	2012-04-14 14:44:02.502882+06	317	9	400000.0000	39.8000	\N		3	94
537	2012-04-14 16:03:19.262221+06	131	9	96471.0000	40.3500	\N		3	95
538	2012-04-14 16:22:06.121751+06	318	12	20000.0000	30.0600	\N		3	96
539	2012-04-14 16:35:43.163439+06	319	9	80000.0000	39.8000	\N	89126312721, 89122564956	3	97
540	2012-04-14 16:44:35.351623+06	317	9	360000.0000	39.8000	\N		3	98
541	2012-04-14 16:45:32.411244+06	317	9	-720000.0000	39.8000	\N		3	99
542	2012-04-15 11:06:03.025642+06	320	12	32500.0000	1.0000	\N		3	100
543	2012-04-15 13:03:02.921471+06	321	12	103550.0000	39.8000	\N		3	101
544	2012-04-15 13:39:13.502413+06	322	11	48550.0000	30.2100	\N	тел 89024447787	3	102
545	2012-04-16 11:05:36.895686+06	323	11	25000.0000	39.5897	\N	заявка KRK18082EA	3	103
546	2012-04-16 12:25:02.792794+06	287	12	3015.0000	39.5000	\N		3	104
547	2012-04-16 12:46:39.439494+06	313	16	99.3300	30.2000	\N		3	105
\.


--
-- Data for Name: website_paymenttype; Type: TABLE DATA; Schema: public; Owner: sails
--

COPY website_paymenttype (id, name) FROM stdin;
1	Касса
2	Терминал
3	Нал
\.


--
-- Data for Name: website_settings; Type: TABLE DATA; Schema: public; Owner: sails
--

COPY website_settings (id, project, email, firm, n_pay, head_booker) FROM stdin;
1	Учетная программа "Натали Турс"	info@parusatravel.ru	ООО "Терра"	106	Юрочкина Е.Ю. 
\.


--
-- Data for Name: website_staff; Type: TABLE DATA; Schema: public; Owner: sails
--

COPY website_staff (id, user_id, office_id, name) FROM stdin;
1	1	1	Солдатенко Вадим Сергеевич
6	6	1	Служебный аккаунт
8	2	1	Курашвили Ирина Пирузовна
9	3	1	Мельничук Елена Петровна
10	4	1	Атнашева Ирина Игоревна
11	7	1	Ишмулова Евгения Владимировна
12	8	1	Ратфельдер Юлия Александровна
14	10	1	Ершова Ольга Михайловна
15	5	1	Юрочкина Елена Юрьевна
16	11	5	Черкесова Юлия Викторовна
19	14	5	Шендель Эрика Андреевна
20	15	4	Андреева Ирина Андреевна
21	16	4	Землянская Людмила Владимировна
22	17	4	Струкова Виктория Ивановна
23	18	4	Волкова Анастасия Владимировна
24	19	4	Орлова Ольга Витальевна
25	20	6	Горина Светлана Юрьевна
26	21	6	Сергеева Ольга Андреевна
27	22	6	Серебрякова Ксения Расымовна
17	12	5	Баскова Анастасия Евгеньевна
13	9	1	Новгородцева Светлана Юрьевна
18	13	5	Основина Виктория Сергеевна
\.


--
-- Name: auth_group_name_key; Type: CONSTRAINT; Schema: public; Owner: sails; Tablespace: 
--

ALTER TABLE ONLY auth_group
    ADD CONSTRAINT auth_group_name_key UNIQUE (name);


--
-- Name: auth_group_permissions_group_id_key; Type: CONSTRAINT; Schema: public; Owner: sails; Tablespace: 
--

ALTER TABLE ONLY auth_group_permissions
    ADD CONSTRAINT auth_group_permissions_group_id_key UNIQUE (group_id, permission_id);


--
-- Name: auth_group_permissions_pkey; Type: CONSTRAINT; Schema: public; Owner: sails; Tablespace: 
--

ALTER TABLE ONLY auth_group_permissions
    ADD CONSTRAINT auth_group_permissions_pkey PRIMARY KEY (id);


--
-- Name: auth_group_pkey; Type: CONSTRAINT; Schema: public; Owner: sails; Tablespace: 
--

ALTER TABLE ONLY auth_group
    ADD CONSTRAINT auth_group_pkey PRIMARY KEY (id);


--
-- Name: auth_message_pkey; Type: CONSTRAINT; Schema: public; Owner: sails; Tablespace: 
--

ALTER TABLE ONLY auth_message
    ADD CONSTRAINT auth_message_pkey PRIMARY KEY (id);


--
-- Name: auth_permission_content_type_id_key; Type: CONSTRAINT; Schema: public; Owner: sails; Tablespace: 
--

ALTER TABLE ONLY auth_permission
    ADD CONSTRAINT auth_permission_content_type_id_key UNIQUE (content_type_id, codename);


--
-- Name: auth_permission_pkey; Type: CONSTRAINT; Schema: public; Owner: sails; Tablespace: 
--

ALTER TABLE ONLY auth_permission
    ADD CONSTRAINT auth_permission_pkey PRIMARY KEY (id);


--
-- Name: auth_user_groups_pkey; Type: CONSTRAINT; Schema: public; Owner: sails; Tablespace: 
--

ALTER TABLE ONLY auth_user_groups
    ADD CONSTRAINT auth_user_groups_pkey PRIMARY KEY (id);


--
-- Name: auth_user_groups_user_id_key; Type: CONSTRAINT; Schema: public; Owner: sails; Tablespace: 
--

ALTER TABLE ONLY auth_user_groups
    ADD CONSTRAINT auth_user_groups_user_id_key UNIQUE (user_id, group_id);


--
-- Name: auth_user_pkey; Type: CONSTRAINT; Schema: public; Owner: sails; Tablespace: 
--

ALTER TABLE ONLY auth_user
    ADD CONSTRAINT auth_user_pkey PRIMARY KEY (id);


--
-- Name: auth_user_user_permissions_pkey; Type: CONSTRAINT; Schema: public; Owner: sails; Tablespace: 
--

ALTER TABLE ONLY auth_user_user_permissions
    ADD CONSTRAINT auth_user_user_permissions_pkey PRIMARY KEY (id);


--
-- Name: auth_user_user_permissions_user_id_key; Type: CONSTRAINT; Schema: public; Owner: sails; Tablespace: 
--

ALTER TABLE ONLY auth_user_user_permissions
    ADD CONSTRAINT auth_user_user_permissions_user_id_key UNIQUE (user_id, permission_id);


--
-- Name: auth_user_username_key; Type: CONSTRAINT; Schema: public; Owner: sails; Tablespace: 
--

ALTER TABLE ONLY auth_user
    ADD CONSTRAINT auth_user_username_key UNIQUE (username);


--
-- Name: django_admin_log_pkey; Type: CONSTRAINT; Schema: public; Owner: sails; Tablespace: 
--

ALTER TABLE ONLY django_admin_log
    ADD CONSTRAINT django_admin_log_pkey PRIMARY KEY (id);


--
-- Name: django_content_type_app_label_key; Type: CONSTRAINT; Schema: public; Owner: sails; Tablespace: 
--

ALTER TABLE ONLY django_content_type
    ADD CONSTRAINT django_content_type_app_label_key UNIQUE (app_label, model);


--
-- Name: django_content_type_pkey; Type: CONSTRAINT; Schema: public; Owner: sails; Tablespace: 
--

ALTER TABLE ONLY django_content_type
    ADD CONSTRAINT django_content_type_pkey PRIMARY KEY (id);


--
-- Name: django_session_pkey; Type: CONSTRAINT; Schema: public; Owner: sails; Tablespace: 
--

ALTER TABLE ONLY django_session
    ADD CONSTRAINT django_session_pkey PRIMARY KEY (session_key);


--
-- Name: django_site_pkey; Type: CONSTRAINT; Schema: public; Owner: sails; Tablespace: 
--

ALTER TABLE ONLY django_site
    ADD CONSTRAINT django_site_pkey PRIMARY KEY (id);


--
-- Name: south_migrationhistory_pkey; Type: CONSTRAINT; Schema: public; Owner: sails; Tablespace: 
--

ALTER TABLE ONLY south_migrationhistory
    ADD CONSTRAINT south_migrationhistory_pkey PRIMARY KEY (id);


--
-- Name: website_country_pkey; Type: CONSTRAINT; Schema: public; Owner: sails; Tablespace: 
--

ALTER TABLE ONLY website_country
    ADD CONSTRAINT website_country_pkey PRIMARY KEY (id);


--
-- Name: website_currency_pkey; Type: CONSTRAINT; Schema: public; Owner: sails; Tablespace: 
--

ALTER TABLE ONLY website_currency
    ADD CONSTRAINT website_currency_pkey PRIMARY KEY (id);


--
-- Name: website_office_pkey; Type: CONSTRAINT; Schema: public; Owner: sails; Tablespace: 
--

ALTER TABLE ONLY website_office
    ADD CONSTRAINT website_office_pkey PRIMARY KEY (id);


--
-- Name: website_oper_pkey; Type: CONSTRAINT; Schema: public; Owner: sails; Tablespace: 
--

ALTER TABLE ONLY website_oper
    ADD CONSTRAINT website_oper_pkey PRIMARY KEY (id);


--
-- Name: website_order_pkey; Type: CONSTRAINT; Schema: public; Owner: sails; Tablespace: 
--

ALTER TABLE ONLY website_order
    ADD CONSTRAINT website_order_pkey PRIMARY KEY (id);


--
-- Name: website_payment_pkey; Type: CONSTRAINT; Schema: public; Owner: sails; Tablespace: 
--

ALTER TABLE ONLY website_payment
    ADD CONSTRAINT website_payment_pkey PRIMARY KEY (id);


--
-- Name: website_paymenttype_pkey; Type: CONSTRAINT; Schema: public; Owner: sails; Tablespace: 
--

ALTER TABLE ONLY website_paymenttype
    ADD CONSTRAINT website_paymenttype_pkey PRIMARY KEY (id);


--
-- Name: website_settings_pkey; Type: CONSTRAINT; Schema: public; Owner: sails; Tablespace: 
--

ALTER TABLE ONLY website_settings
    ADD CONSTRAINT website_settings_pkey PRIMARY KEY (id);


--
-- Name: website_staff_pkey; Type: CONSTRAINT; Schema: public; Owner: sails; Tablespace: 
--

ALTER TABLE ONLY website_staff
    ADD CONSTRAINT website_staff_pkey PRIMARY KEY (id);


--
-- Name: auth_group_permissions_group_id; Type: INDEX; Schema: public; Owner: sails; Tablespace: 
--

CREATE INDEX auth_group_permissions_group_id ON auth_group_permissions USING btree (group_id);


--
-- Name: auth_group_permissions_permission_id; Type: INDEX; Schema: public; Owner: sails; Tablespace: 
--

CREATE INDEX auth_group_permissions_permission_id ON auth_group_permissions USING btree (permission_id);


--
-- Name: auth_message_user_id; Type: INDEX; Schema: public; Owner: sails; Tablespace: 
--

CREATE INDEX auth_message_user_id ON auth_message USING btree (user_id);


--
-- Name: auth_permission_content_type_id; Type: INDEX; Schema: public; Owner: sails; Tablespace: 
--

CREATE INDEX auth_permission_content_type_id ON auth_permission USING btree (content_type_id);


--
-- Name: auth_user_groups_group_id; Type: INDEX; Schema: public; Owner: sails; Tablespace: 
--

CREATE INDEX auth_user_groups_group_id ON auth_user_groups USING btree (group_id);


--
-- Name: auth_user_groups_user_id; Type: INDEX; Schema: public; Owner: sails; Tablespace: 
--

CREATE INDEX auth_user_groups_user_id ON auth_user_groups USING btree (user_id);


--
-- Name: auth_user_user_permissions_permission_id; Type: INDEX; Schema: public; Owner: sails; Tablespace: 
--

CREATE INDEX auth_user_user_permissions_permission_id ON auth_user_user_permissions USING btree (permission_id);


--
-- Name: auth_user_user_permissions_user_id; Type: INDEX; Schema: public; Owner: sails; Tablespace: 
--

CREATE INDEX auth_user_user_permissions_user_id ON auth_user_user_permissions USING btree (user_id);


--
-- Name: django_admin_log_content_type_id; Type: INDEX; Schema: public; Owner: sails; Tablespace: 
--

CREATE INDEX django_admin_log_content_type_id ON django_admin_log USING btree (content_type_id);


--
-- Name: django_admin_log_user_id; Type: INDEX; Schema: public; Owner: sails; Tablespace: 
--

CREATE INDEX django_admin_log_user_id ON django_admin_log USING btree (user_id);


--
-- Name: django_session_expire_date; Type: INDEX; Schema: public; Owner: sails; Tablespace: 
--

CREATE INDEX django_session_expire_date ON django_session USING btree (expire_date);


--
-- Name: website_order_country_id; Type: INDEX; Schema: public; Owner: sails; Tablespace: 
--

CREATE INDEX website_order_country_id ON website_order USING btree (country_id);


--
-- Name: website_order_currency_id; Type: INDEX; Schema: public; Owner: sails; Tablespace: 
--

CREATE INDEX website_order_currency_id ON website_order USING btree (currency_id);


--
-- Name: website_order_oper_id; Type: INDEX; Schema: public; Owner: sails; Tablespace: 
--

CREATE INDEX website_order_oper_id ON website_order USING btree (oper_id);


--
-- Name: website_order_staff_id; Type: INDEX; Schema: public; Owner: sails; Tablespace: 
--

CREATE INDEX website_order_staff_id ON website_order USING btree (staff_id);


--
-- Name: website_payment_checked_by_id; Type: INDEX; Schema: public; Owner: sails; Tablespace: 
--

CREATE INDEX website_payment_checked_by_id ON website_payment USING btree (checked_by_id);


--
-- Name: website_payment_order_id; Type: INDEX; Schema: public; Owner: sails; Tablespace: 
--

CREATE INDEX website_payment_order_id ON website_payment USING btree (order_id);


--
-- Name: website_payment_payment_type_id; Type: INDEX; Schema: public; Owner: sails; Tablespace: 
--

CREATE INDEX website_payment_payment_type_id ON website_payment USING btree (payment_type_id);


--
-- Name: website_payment_staff_id; Type: INDEX; Schema: public; Owner: sails; Tablespace: 
--

CREATE INDEX website_payment_staff_id ON website_payment USING btree (staff_id);


--
-- Name: website_staff_office_id; Type: INDEX; Schema: public; Owner: sails; Tablespace: 
--

CREATE INDEX website_staff_office_id ON website_staff USING btree (office_id);


--
-- Name: website_staff_user_id; Type: INDEX; Schema: public; Owner: sails; Tablespace: 
--

CREATE INDEX website_staff_user_id ON website_staff USING btree (user_id);


--
-- Name: auth_group_permissions_permission_id_fkey; Type: FK CONSTRAINT; Schema: public; Owner: sails
--

ALTER TABLE ONLY auth_group_permissions
    ADD CONSTRAINT auth_group_permissions_permission_id_fkey FOREIGN KEY (permission_id) REFERENCES auth_permission(id) DEFERRABLE INITIALLY DEFERRED;


--
-- Name: auth_message_user_id_fkey; Type: FK CONSTRAINT; Schema: public; Owner: sails
--

ALTER TABLE ONLY auth_message
    ADD CONSTRAINT auth_message_user_id_fkey FOREIGN KEY (user_id) REFERENCES auth_user(id) DEFERRABLE INITIALLY DEFERRED;


--
-- Name: auth_user_groups_group_id_fkey; Type: FK CONSTRAINT; Schema: public; Owner: sails
--

ALTER TABLE ONLY auth_user_groups
    ADD CONSTRAINT auth_user_groups_group_id_fkey FOREIGN KEY (group_id) REFERENCES auth_group(id) DEFERRABLE INITIALLY DEFERRED;


--
-- Name: auth_user_user_permissions_permission_id_fkey; Type: FK CONSTRAINT; Schema: public; Owner: sails
--

ALTER TABLE ONLY auth_user_user_permissions
    ADD CONSTRAINT auth_user_user_permissions_permission_id_fkey FOREIGN KEY (permission_id) REFERENCES auth_permission(id) DEFERRABLE INITIALLY DEFERRED;


--
-- Name: content_type_id_refs_id_728de91f; Type: FK CONSTRAINT; Schema: public; Owner: sails
--

ALTER TABLE ONLY auth_permission
    ADD CONSTRAINT content_type_id_refs_id_728de91f FOREIGN KEY (content_type_id) REFERENCES django_content_type(id) DEFERRABLE INITIALLY DEFERRED;


--
-- Name: django_admin_log_content_type_id_fkey; Type: FK CONSTRAINT; Schema: public; Owner: sails
--

ALTER TABLE ONLY django_admin_log
    ADD CONSTRAINT django_admin_log_content_type_id_fkey FOREIGN KEY (content_type_id) REFERENCES django_content_type(id) DEFERRABLE INITIALLY DEFERRED;


--
-- Name: django_admin_log_user_id_fkey; Type: FK CONSTRAINT; Schema: public; Owner: sails
--

ALTER TABLE ONLY django_admin_log
    ADD CONSTRAINT django_admin_log_user_id_fkey FOREIGN KEY (user_id) REFERENCES auth_user(id) DEFERRABLE INITIALLY DEFERRED;


--
-- Name: group_id_refs_id_3cea63fe; Type: FK CONSTRAINT; Schema: public; Owner: sails
--

ALTER TABLE ONLY auth_group_permissions
    ADD CONSTRAINT group_id_refs_id_3cea63fe FOREIGN KEY (group_id) REFERENCES auth_group(id) DEFERRABLE INITIALLY DEFERRED;


--
-- Name: payment_type_id_refs_id_5d2d076027537537; Type: FK CONSTRAINT; Schema: public; Owner: sails
--

ALTER TABLE ONLY website_payment
    ADD CONSTRAINT payment_type_id_refs_id_5d2d076027537537 FOREIGN KEY (payment_type_id) REFERENCES website_paymenttype(id) DEFERRABLE INITIALLY DEFERRED;


--
-- Name: user_id_refs_id_831107f1; Type: FK CONSTRAINT; Schema: public; Owner: sails
--

ALTER TABLE ONLY auth_user_groups
    ADD CONSTRAINT user_id_refs_id_831107f1 FOREIGN KEY (user_id) REFERENCES auth_user(id) DEFERRABLE INITIALLY DEFERRED;


--
-- Name: user_id_refs_id_f2045483; Type: FK CONSTRAINT; Schema: public; Owner: sails
--

ALTER TABLE ONLY auth_user_user_permissions
    ADD CONSTRAINT user_id_refs_id_f2045483 FOREIGN KEY (user_id) REFERENCES auth_user(id) DEFERRABLE INITIALLY DEFERRED;


--
-- Name: website_order_country_id_fkey; Type: FK CONSTRAINT; Schema: public; Owner: sails
--

ALTER TABLE ONLY website_order
    ADD CONSTRAINT website_order_country_id_fkey FOREIGN KEY (country_id) REFERENCES website_country(id) DEFERRABLE INITIALLY DEFERRED;


--
-- Name: website_order_currency_id_fkey; Type: FK CONSTRAINT; Schema: public; Owner: sails
--

ALTER TABLE ONLY website_order
    ADD CONSTRAINT website_order_currency_id_fkey FOREIGN KEY (currency_id) REFERENCES website_currency(id) DEFERRABLE INITIALLY DEFERRED;


--
-- Name: website_order_oper_id_fkey; Type: FK CONSTRAINT; Schema: public; Owner: sails
--

ALTER TABLE ONLY website_order
    ADD CONSTRAINT website_order_oper_id_fkey FOREIGN KEY (oper_id) REFERENCES website_oper(id) DEFERRABLE INITIALLY DEFERRED;


--
-- Name: website_order_staff_id_fkey; Type: FK CONSTRAINT; Schema: public; Owner: sails
--

ALTER TABLE ONLY website_order
    ADD CONSTRAINT website_order_staff_id_fkey FOREIGN KEY (staff_id) REFERENCES website_staff(id) DEFERRABLE INITIALLY DEFERRED;


--
-- Name: website_payment_checked_by_id_fkey; Type: FK CONSTRAINT; Schema: public; Owner: sails
--

ALTER TABLE ONLY website_payment
    ADD CONSTRAINT website_payment_checked_by_id_fkey FOREIGN KEY (checked_by_id) REFERENCES website_staff(id) DEFERRABLE INITIALLY DEFERRED;


--
-- Name: website_payment_order_id_fkey; Type: FK CONSTRAINT; Schema: public; Owner: sails
--

ALTER TABLE ONLY website_payment
    ADD CONSTRAINT website_payment_order_id_fkey FOREIGN KEY (order_id) REFERENCES website_order(id) DEFERRABLE INITIALLY DEFERRED;


--
-- Name: website_payment_staff_id_fkey; Type: FK CONSTRAINT; Schema: public; Owner: sails
--

ALTER TABLE ONLY website_payment
    ADD CONSTRAINT website_payment_staff_id_fkey FOREIGN KEY (staff_id) REFERENCES website_staff(id) DEFERRABLE INITIALLY DEFERRED;


--
-- Name: website_staff_office_id_fkey; Type: FK CONSTRAINT; Schema: public; Owner: sails
--

ALTER TABLE ONLY website_staff
    ADD CONSTRAINT website_staff_office_id_fkey FOREIGN KEY (office_id) REFERENCES website_office(id) DEFERRABLE INITIALLY DEFERRED;


--
-- Name: website_staff_user_id_fkey; Type: FK CONSTRAINT; Schema: public; Owner: sails
--

ALTER TABLE ONLY website_staff
    ADD CONSTRAINT website_staff_user_id_fkey FOREIGN KEY (user_id) REFERENCES auth_user(id) DEFERRABLE INITIALLY DEFERRED;


--
-- Name: public; Type: ACL; Schema: -; Owner: postgres
--

REVOKE ALL ON SCHEMA public FROM PUBLIC;
REVOKE ALL ON SCHEMA public FROM postgres;
GRANT ALL ON SCHEMA public TO postgres;
GRANT ALL ON SCHEMA public TO PUBLIC;


--
-- PostgreSQL database dump complete
--

